-- --------------------------------------------------------
-- Host:                         127.0.0.1
-- Server version:               8.4.3 - MySQL Community Server - GPL
-- Server OS:                    Win64
-- HeidiSQL Version:             12.8.0.6908
-- --------------------------------------------------------

/*!40101 SET @OLD_CHARACTER_SET_CLIENT=@@CHARACTER_SET_CLIENT */;
/*!40101 SET NAMES utf8 */;
/*!50503 SET NAMES utf8mb4 */;
/*!40103 SET @OLD_TIME_ZONE=@@TIME_ZONE */;
/*!40103 SET TIME_ZONE='+00:00' */;
/*!40014 SET @OLD_FOREIGN_KEY_CHECKS=@@FOREIGN_KEY_CHECKS, FOREIGN_KEY_CHECKS=0 */;
/*!40101 SET @OLD_SQL_MODE=@@SQL_MODE, SQL_MODE='NO_AUTO_VALUE_ON_ZERO' */;
/*!40111 SET @OLD_SQL_NOTES=@@SQL_NOTES, SQL_NOTES=0 */;

-- Dumping data for table ppns_lab_inspection.inspections: ~19 rows (approximately)
INSERT INTO `inspections` (`id`, `laboratory_id`, `item_id`, `tahun`, `semester`, `inspector_id`, `tanggal_inspeksi`, `catatan`, `foto`, `created_at`, `updated_at`) VALUES
	(21, 11, 21, '2026', 'GENAP', 3, '2026-06-12 10:35:47', '', NULL, '2026-06-12 03:35:47', '2026-06-18 07:31:09'),
	(22, 11, 29, '2026', 'GENAP', 3, '2026-06-13 20:19:35', 'sacwQSFC', '/uploads/foto-1781356775575-350278554.jpeg', '2026-06-13 13:19:35', '2026-06-18 07:31:09'),
	(23, 10, 30, '2026', 'GENAP', 11, '2026-06-13 23:13:47', 'wqdCX', '/uploads/foto-1781367227294-801425556.jpeg', '2026-06-13 16:13:47', '2026-06-18 07:31:09'),
	(24, 12, 31, '2026', 'GENAP', 3, '2026-06-15 13:44:14', '', NULL, '2026-06-15 06:44:14', '2026-06-18 07:31:09'),
	(25, 10, 41, '2026', 'GENAP', 11, '2026-06-15 13:46:58', 'ASCw', '/uploads/foto-1781506018133-434570890.jpeg', '2026-06-15 06:46:58', '2026-06-18 07:31:09'),
	(28, 13, 62, '2026', 'GENAP', 3, '2026-06-18 12:46:13', 's', '/uploads/foto-1781761573550-416786970.jpeg', '2026-06-18 05:46:13', '2026-06-18 07:31:09'),
	(29, 13, 65, '2026', 'GENAP', 11, '2026-06-18 13:32:41', 'sx', '/uploads/foto-1781764361086-599392418.jpeg', '2026-06-18 06:32:41', '2026-06-18 07:31:09'),
	(30, 13, 66, '2026', 'GENAP', 3, '2026-06-18 13:34:41', 'sx', '/uploads/foto-1781764481703-311542805.jpeg', '2026-06-18 06:34:41', '2026-06-18 07:31:09'),
	(31, 13, 64, '2026', 'GENAP', 11, '2026-06-18 13:39:57', 'ad5', '/uploads/foto-1781764797814-160127520.jpeg', '2026-06-18 06:39:57', '2026-06-18 07:31:09'),
	(202, 11, 21, '2025', 'GANJIL', 3, '2025-09-01 08:00:00', NULL, NULL, '2026-06-18 07:49:53', '2026-06-18 07:49:53'),
	(204, 11, 29, '2025', 'GANJIL', 3, '2025-09-10 08:00:00', NULL, NULL, '2026-06-18 07:49:53', '2026-06-18 07:49:53'),
	(205, 10, 30, '2025', 'GANJIL', 11, '2025-08-20 08:00:00', NULL, NULL, '2026-06-18 07:49:53', '2026-06-18 07:49:53'),
	(206, 10, 30, '2025', 'GENAP', 11, '2025-02-20 08:00:00', NULL, NULL, '2026-06-18 07:49:53', '2026-06-18 07:49:53'),
	(212, 12, 69, '2026', 'GENAP', 11, '2026-07-02 15:24:39', 'aazzxdd', '/uploads/foto-1782980678701-343480197.jpg', '2026-07-02 08:24:38', '2026-07-02 08:24:38'),
	(213, 11, 81, '2026', 'GENAP', 28, '2026-07-02 16:23:37', 'aassddff', '/uploads/foto-1782984216760-381753827.jpg', '2026-07-02 09:23:36', '2026-07-02 09:23:36'),
	(214, 12, 82, '2026', 'GENAP', 11, '2026-07-06 10:03:42', 'sudah baik', '/uploads/foto-1783307021701-598572744.jpg', '2026-07-06 03:03:41', '2026-07-06 03:03:41'),
	(215, 12, 83, '2026', 'GENAP', 11, '2026-07-07 10:54:23', 'b', NULL, '2026-07-07 03:54:23', '2026-07-07 03:54:23'),
	(216, 10, 84, '2026', 'GENAP', 11, '2026-07-07 11:10:43', 'rusak', '/uploads/foto-1783397443076-800722916.jpg', '2026-07-07 04:10:43', '2026-07-07 04:10:43'),
	(218, 13, 71, '2026', 'GENAP', 11, '2026-07-08 14:29:04', 'as', NULL, '2026-07-08 07:29:04', '2026-07-08 07:29:04');

-- Dumping data for table ppns_lab_inspection.inspection_categories: ~32 rows (approximately)
INSERT INTO `inspection_categories` (`id`, `nama_kategori`, `deskripsi`, `urutan`, `status`, `alasan_penolakan`, `created_by`, `laboratory_id`, `item_id`, `created_at`, `updated_at`) VALUES
	(70, 'omkegas', 'omke gas', 1, 'APPROVED', NULL, 3, 11, 21, '2026-06-12 03:35:10', '2026-06-12 03:35:22'),
	(72, 'contoh', NULL, 1, 'APPROVED', NULL, 3, 11, 29, '2026-06-13 13:08:53', '2026-06-13 13:09:07'),
	(73, 'contoh  2', NULL, 2, 'APPROVED', NULL, 3, 11, 29, '2026-06-13 13:08:53', '2026-06-13 13:09:08'),
	(74, 'eqawfcs', NULL, 1, 'APPROVED', NULL, 11, 10, 30, '2026-06-13 16:05:13', '2026-06-13 16:13:22'),
	(75, 'fwqeqw3f', NULL, 2, 'APPROVED', NULL, 11, 10, 30, '2026-06-13 16:05:13', '2026-06-13 16:13:23'),
	(76, 'KATEGORI-1', NULL, 1, 'APPROVED', NULL, 3, 12, 31, '2026-06-15 04:08:37', '2026-06-15 06:17:37'),
	(77, 'KATEGORI-2', NULL, 2, 'APPROVED', NULL, 3, 12, 31, '2026-06-15 04:08:37', '2026-06-15 04:16:00'),
	(78, 'SCC', NULL, 1, 'APPROVED', NULL, 11, 10, 41, '2026-06-15 04:37:02', '2026-06-15 04:37:21'),
	(79, 'ACSWFQC', NULL, 2, 'APPROVED', NULL, 11, 10, 41, '2026-06-15 04:37:02', '2026-06-15 06:46:43'),
	(80, 'KATEGORI-3', NULL, 1, 'APPROVED', NULL, 3, 12, 31, '2026-06-15 06:22:04', '2026-06-15 06:22:46'),
	(92, 's', NULL, 1, 'APPROVED', NULL, 11, 10, 62, '2026-06-18 05:45:46', '2026-06-18 05:46:02'),
	(96, 'sd1', NULL, 1, 'APPROVED', NULL, 11, 10, 64, '2026-06-18 05:48:39', '2026-06-18 05:48:52'),
	(97, 'sd3', NULL, 2, 'APPROVED', NULL, 11, 10, 64, '2026-06-18 05:48:39', '2026-06-18 05:48:53'),
	(98, 'sx1', NULL, 1, 'APPROVED', NULL, 11, 10, 65, '2026-06-18 05:58:31', '2026-06-18 05:58:41'),
	(99, 'sx3', NULL, 2, 'APPROVED', NULL, 11, 10, 65, '2026-06-18 05:58:31', '2026-06-18 06:09:32'),
	(100, 'sz', NULL, 1, 'APPROVED', NULL, 11, 10, 65, '2026-06-18 06:09:05', '2026-06-18 06:09:31'),
	(101, 'sv', NULL, 1, 'APPROVED', NULL, 11, 10, 66, '2026-06-18 06:10:27', '2026-06-18 06:10:36'),
	(106, 'sed', NULL, 1, 'APPROVED', NULL, 11, 10, 69, '2026-06-27 04:12:32', '2026-06-27 04:48:01'),
	(107, 'saw', NULL, 1, 'APPROVED', NULL, 3, 12, 69, '2026-06-27 04:28:39', '2026-06-27 04:48:02'),
	(111, 'asdf', NULL, 1, 'APPROVED', NULL, 3, 12, 69, '2026-06-27 04:33:09', '2026-06-27 04:48:03'),
	(113, 'asdfg', NULL, 1, 'APPROVED', NULL, 11, 13, 71, '2026-06-27 04:40:31', '2026-06-27 04:41:25'),
	(116, 'awe', NULL, 1, 'APPROVED', NULL, 3, 12, 69, '2026-06-27 04:48:19', '2026-07-01 09:41:37'),
	(121, 'ased', NULL, 1, 'APPROVED', NULL, 11, 13, 71, '2026-07-02 03:15:36', '2026-07-02 04:55:33'),
	(122, 'asxcasxc', NULL, 1, 'APPROVED', NULL, 11, 12, 69, '2026-07-02 03:16:45', '2026-07-02 04:00:16'),
	(125, 'ssddeeww', NULL, 1, 'APPROVED', NULL, 24, 11, 81, '2026-07-02 08:11:24', '2026-07-02 08:12:03'),
	(126, 'aassddff', NULL, 1, 'APPROVED', NULL, 24, 11, 81, '2026-07-02 08:12:24', '2026-07-02 08:12:34'),
	(127, 'Alatmakankaya1', NULL, 1, 'APPROVED', NULL, 11, 12, 82, '2026-07-06 03:02:20', '2026-07-06 03:03:01'),
	(128, 'Alatmakankaya2', NULL, 2, 'APPROVED', NULL, 11, 12, 82, '2026-07-06 03:02:20', '2026-07-06 03:02:59'),
	(129, 'alatMinum1', NULL, 1, 'APPROVED', NULL, 11, 12, 83, '2026-07-07 03:06:18', '2026-07-07 03:06:44'),
	(130, 'alatMinum2', NULL, 2, 'APPROVED', NULL, 11, 12, 83, '2026-07-07 03:06:18', '2026-07-07 03:06:42'),
	(131, 'AlatOlahraga1', NULL, 1, 'APPROVED', NULL, 11, 10, 84, '2026-07-07 04:08:50', '2026-07-07 04:08:59'),
	(132, 'AlatOlahraga2', NULL, 2, 'APPROVED', NULL, 11, 10, 84, '2026-07-07 04:08:50', '2026-07-07 04:09:01');

-- Dumping data for table ppns_lab_inspection.inspection_damage_reports: ~62 rows (approximately)
INSERT INTO `inspection_damage_reports` (`id`, `inspection_result_id`, `inspection_id`, `laboratory_id`, `item_id`, `category_id`, `subitem_id`, `kondisi_kerusakan`, `penyebab_kerusakan`, `status_peralatan`, `foto`, `created_at`, `updated_at`) VALUES
	(1, 1101, 214, 12, 82, 128, 284, 'ruak', 'rusak', 'MASIH_DIGUNAKAN', '/uploads/damage_report_foto_284-1783322752204-627632523.jpg', '2026-07-06 07:25:52', '2026-07-06 07:25:52'),
	(2, 1126, 214, 12, 82, 127, 279, 'rusak', 'rusak', 'MASIH_DIGUNAKAN', '/uploads/damage_report_foto_279-1783324870964-347464047.jpg', '2026-07-06 08:01:11', '2026-07-06 08:01:11'),
	(3, 1128, 214, 12, 82, 127, 281, 'rusak', 'rusak', 'MASIH_DIGUNAKAN', '/uploads/damage_report_foto_281-1783324871091-927910130.jpg', '2026-07-06 08:01:11', '2026-07-06 08:01:11'),
	(4, 1129, 214, 12, 82, 128, 282, 'rusak', 'rusak', 'MASIH_DIGUNAKAN', '/uploads/damage_report_foto_282-1783324871123-937815102.jpg', '2026-07-06 08:01:11', '2026-07-06 08:01:11'),
	(5, 1131, 214, 12, 82, 128, 284, 'rusak', 'rusak', 'MASIH_DIGUNAKAN', '/uploads/damage_report_foto_284-1783324871142-452684931.jpg', '2026-07-06 08:01:11', '2026-07-06 08:01:11'),
	(6, 1132, 212, 12, 69, 106, 258, 'rusak', 'rusak', 'MASIH_DIGUNAKAN', '/uploads/damage_report_foto_258-1783324969038-42360131.jpg', '2026-07-06 08:02:49', '2026-07-06 08:02:49'),
	(7, 1133, 212, 12, 69, 107, 259, 'rusak', 'rusak', 'MASIH_DIGUNAKAN', '/uploads/damage_report_foto_259-1783324969057-403099551.jpg', '2026-07-06 08:02:49', '2026-07-06 08:02:49'),
	(8, 1134, 212, 12, 69, 111, 263, 'rusak', 'rusak', 'MASIH_DIGUNAKAN', '/uploads/damage_report_foto_263-1783324969069-508174054.jpg', '2026-07-06 08:02:49', '2026-07-06 08:02:49'),
	(9, 1139, 212, 12, 69, 111, 263, 'rusak', 'rusak', 'MASIH_DIGUNAKAN', NULL, '2026-07-06 08:03:19', '2026-07-06 08:03:19'),
	(10, 1140, 212, 12, 69, 116, 268, 'rusak', 'rusak', 'MASIH_DIGUNAKAN', NULL, '2026-07-06 08:03:19', '2026-07-06 08:03:19'),
	(11, 1141, 212, 12, 69, 122, 274, 'rusak', 'rusak', 'MASIH_DIGUNAKAN', NULL, '2026-07-06 08:03:19', '2026-07-06 08:03:19'),
	(12, 1144, 212, 12, 69, 111, 263, 'rusak', 'rusak', 'MASIH_DIGUNAKAN', NULL, '2026-07-06 08:03:45', '2026-07-06 08:03:45'),
	(13, 1145, 212, 12, 69, 116, 268, 'rusak', 'rusak', 'MASIH_DIGUNAKAN', NULL, '2026-07-06 08:03:45', '2026-07-06 08:03:45'),
	(14, 1146, 212, 12, 69, 122, 274, 'rusak', 'rusak', 'MASIH_DIGUNAKAN', NULL, '2026-07-06 08:03:45', '2026-07-06 08:03:45'),
	(15, 1147, 212, 12, 69, 106, 258, 'rusak', 'rusak', 'MASIH_DIGUNAKAN', NULL, '2026-07-06 08:04:21', '2026-07-06 08:04:21'),
	(16, 1148, 212, 12, 69, 107, 259, 'rusak', 'rusak', 'MASIH_DIGUNAKAN', NULL, '2026-07-06 08:04:21', '2026-07-06 08:04:21'),
	(17, 1149, 212, 12, 69, 111, 263, 'rusak', 'rusak', 'MASIH_DIGUNAKAN', NULL, '2026-07-06 08:04:21', '2026-07-06 08:04:21'),
	(18, 1152, 212, 12, 69, 106, 258, 'rusak', 'rusak', 'MASIH_DIGUNAKAN', NULL, '2026-07-06 08:04:50', '2026-07-06 08:04:50'),
	(19, 1153, 212, 12, 69, 107, 259, 'rusak', 'rusak', 'MASIH_DIGUNAKAN', NULL, '2026-07-06 08:04:50', '2026-07-06 08:04:50'),
	(20, 1154, 212, 12, 69, 111, 263, 'rusak', 'rusak', 'MASIH_DIGUNAKAN', NULL, '2026-07-06 08:04:50', '2026-07-06 08:04:50'),
	(21, 1155, 212, 12, 69, 116, 268, 'rusak', 'rusak', 'MASIH_DIGUNAKAN', NULL, '2026-07-06 08:04:50', '2026-07-06 08:04:50'),
	(22, 1156, 212, 12, 69, 122, 274, 'rusak', 'rusak', 'MASIH_DIGUNAKAN', NULL, '2026-07-06 08:04:50', '2026-07-06 08:04:50'),
	(23, 1157, 215, 12, 83, 129, 285, 'RUSAK', 'RUSAK', 'DALAM_PERBAIKAN', '/uploads/damage_report_foto_285-1783396905860-414614896.jpg', '2026-07-07 04:01:46', '2026-07-07 04:01:46'),
	(24, 1158, 215, 12, 83, 129, 286, 'rusak banget', 'rusak banget', 'DALAM_PERBAIKAN', '/uploads/damage_report_foto_286-1783396906004-735405557.jpg', '2026-07-07 04:01:46', '2026-07-07 04:01:46'),
	(25, 1159, 215, 12, 83, 129, 287, 'rusak banget', 'rusak banget', 'DALAM_PERBAIKAN', '/uploads/damage_report_foto_287-1783396906068-623847757.jpg', '2026-07-07 04:01:46', '2026-07-07 04:01:46'),
	(26, 1171, 215, 12, 83, 129, 285, 'rusak banget', 'rusak banget', 'DALAM_PERBAIKAN', NULL, '2026-07-07 04:03:22', '2026-07-07 04:03:22'),
	(27, 1172, 215, 12, 83, 129, 286, 'rusak banget', 'rusak banget', 'MASIH_DIGUNAKAN', NULL, '2026-07-07 04:03:22', '2026-07-07 04:03:22'),
	(28, 1173, 215, 12, 83, 129, 287, 'rusak banget', 'rusak banget', 'DALAM_PERBAIKAN', NULL, '2026-07-07 04:03:22', '2026-07-07 04:03:22'),
	(29, 1177, 215, 12, 83, 129, 285, 'rusak banget', 'rusak banget', 'DALAM_PERBAIKAN', '/uploads/damage_report_foto_285-1783397039854-62051269.jpg', '2026-07-07 04:03:59', '2026-07-07 04:03:59'),
	(30, 1178, 215, 12, 83, 129, 286, 'rusak banget', 'rusak banget', 'DALAM_PERBAIKAN', NULL, '2026-07-07 04:03:59', '2026-07-07 04:03:59'),
	(31, 1179, 215, 12, 83, 129, 287, 'rusak banget', 'rusak banget', 'MASIH_DIGUNAKAN', NULL, '2026-07-07 04:03:59', '2026-07-07 04:03:59'),
	(32, 1183, 215, 12, 83, 129, 285, 'rusak banget', 'rusak banget', 'MASIH_DIGUNAKAN', NULL, '2026-07-07 04:04:30', '2026-07-07 04:04:30'),
	(33, 1184, 215, 12, 83, 129, 286, 'rusak banget', 'rusak banget', 'MASIH_DIGUNAKAN', NULL, '2026-07-07 04:04:30', '2026-07-07 04:04:30'),
	(34, 1185, 215, 12, 83, 129, 287, 'rusak banget', 'rusak banget', 'MASIH_DIGUNAKAN', NULL, '2026-07-07 04:04:30', '2026-07-07 04:04:30'),
	(35, 1189, 215, 12, 83, 129, 285, 'rusak banget', 'rusak banget', 'MASIH_DIGUNAKAN', NULL, '2026-07-07 04:05:03', '2026-07-07 04:05:03'),
	(36, 1190, 215, 12, 83, 129, 286, 'rusak banget', 'rusak banget', 'MASIH_DIGUNAKAN', NULL, '2026-07-07 04:05:03', '2026-07-07 04:05:03'),
	(37, 1191, 215, 12, 83, 129, 287, 'rusak banget', 'rusak banget', 'MASIH_DIGUNAKAN', NULL, '2026-07-07 04:05:03', '2026-07-07 04:05:03'),
	(38, 1195, 215, 12, 83, 129, 285, 'rusak banget', 'rusak banget', 'MASIH_DIGUNAKAN', NULL, '2026-07-07 04:05:29', '2026-07-07 04:05:29'),
	(39, 1196, 215, 12, 83, 129, 286, 'rusak banget', 'rusak banget', 'MASIH_DIGUNAKAN', NULL, '2026-07-07 04:05:29', '2026-07-07 04:05:29'),
	(40, 1197, 215, 12, 83, 129, 287, 'rusak banget', 'rusak banget', 'MASIH_DIGUNAKAN', NULL, '2026-07-07 04:05:29', '2026-07-07 04:05:29'),
	(41, 1198, 215, 12, 83, 130, 288, 'rusak banget', 'rusak banget', 'MASIH_DIGUNAKAN', NULL, '2026-07-07 04:05:29', '2026-07-07 04:05:29'),
	(42, 1204, 216, 10, 84, 132, 294, 'rusakkkk', 'rusakkkk', 'MENUNGGU_PENGADAAN', '/uploads/damage_report_foto_294-1783397442974-414091372.jpg', '2026-07-07 04:10:43', '2026-07-07 04:10:43'),
	(43, 1205, 216, 10, 84, 132, 295, 'rusakkkk', 'rusakkkk', 'MENUNGGU_PENGADAAN', NULL, '2026-07-07 04:10:43', '2026-07-07 04:10:43'),
	(44, 1206, 216, 10, 84, 132, 296, 'rusakkkk', 'rusakkkk', 'MASIH_DIGUNAKAN', NULL, '2026-07-07 04:10:43', '2026-07-07 04:10:43'),
	(45, 1210, 216, 10, 84, 132, 294, 'rusakkkk', 'rusakkkk', 'MASIH_DIGUNAKAN', NULL, '2026-07-07 04:11:08', '2026-07-07 04:11:08'),
	(46, 1211, 216, 10, 84, 132, 295, 'rusakkkk', 'rusakkkk', 'MASIH_DIGUNAKAN', NULL, '2026-07-07 04:11:08', '2026-07-07 04:11:08'),
	(47, 1212, 216, 10, 84, 132, 296, 'rusakkkk', 'rusakkkk', 'MASIH_DIGUNAKAN', NULL, '2026-07-07 04:11:08', '2026-07-07 04:11:08'),
	(48, 1216, 216, 10, 84, 132, 294, 'rusakkkk', 'rusakkkk', 'MASIH_DIGUNAKAN', NULL, '2026-07-07 04:11:30', '2026-07-07 04:11:30'),
	(49, 1217, 216, 10, 84, 132, 295, 'rusakkkk', 'rusakkkk', 'MASIH_DIGUNAKAN', NULL, '2026-07-07 04:11:30', '2026-07-07 04:11:30'),
	(50, 1218, 216, 10, 84, 132, 296, 'rusakkkk', 'rusakkkk', 'MASIH_DIGUNAKAN', NULL, '2026-07-07 04:11:30', '2026-07-07 04:11:30'),
	(51, 1222, 216, 10, 84, 132, 294, 'rusakkkk', 'rusakkkk', 'MASIH_DIGUNAKAN', NULL, '2026-07-07 04:12:02', '2026-07-07 04:12:02'),
	(52, 1223, 216, 10, 84, 132, 295, 'rusakkkk', 'rusakkkk', 'MASIH_DIGUNAKAN', NULL, '2026-07-07 04:12:02', '2026-07-07 04:12:02'),
	(53, 1224, 216, 10, 84, 132, 296, 'rusakkkk', 'rusakkkk', 'MASIH_DIGUNAKAN', NULL, '2026-07-07 04:12:02', '2026-07-07 04:12:02'),
	(54, 1228, 216, 10, 84, 132, 294, 'rusakkkk', 'rusakkkk', 'MASIH_DIGUNAKAN', NULL, '2026-07-07 04:12:30', '2026-07-07 04:12:30'),
	(55, 1229, 216, 10, 84, 132, 295, 'rusakkkk', 'rusakkkk', 'MASIH_DIGUNAKAN', NULL, '2026-07-07 04:12:30', '2026-07-07 04:12:30'),
	(56, 1230, 216, 10, 84, 132, 296, 'rusakkkk', 'rusakkkk', 'MASIH_DIGUNAKAN', NULL, '2026-07-07 04:12:30', '2026-07-07 04:12:30'),
	(57, 1233, 216, 10, 84, 131, 293, 'rusakkkk', 'rusakkkk', 'MASIH_DIGUNAKAN', NULL, '2026-07-07 04:13:09', '2026-07-07 04:13:09'),
	(58, 1234, 216, 10, 84, 132, 294, 'rusakkkk', 'rusakkkk', 'MASIH_DIGUNAKAN', NULL, '2026-07-07 04:13:09', '2026-07-07 04:13:09'),
	(59, 1235, 216, 10, 84, 132, 295, 'rusakkkk', 'rusakkkk', 'MASIH_DIGUNAKAN', NULL, '2026-07-07 04:13:09', '2026-07-07 04:13:09'),
	(60, 1236, 216, 10, 84, 132, 296, 'rusakkkk', 'rusakkkk', 'MASIH_DIGUNAKAN', NULL, '2026-07-07 04:13:09', '2026-07-07 04:13:09'),
	(61, 1241, 218, 13, 71, 121, 273, 'Matot', 'Berdebuuuu', 'MASIH_DIGUNAKAN', '/uploads/damage_report_foto_273-1783496235477-362686713.jpg', '2026-07-08 07:29:04', '2026-07-08 07:37:15'),
	(62, 1244, 31, 13, 64, 96, 248, 'MATOT', 'MATOT', 'MASIH_DIGUNAKAN', NULL, '2026-07-08 07:47:54', '2026-07-08 07:47:54');

-- Dumping data for table ppns_lab_inspection.inspection_monthly_reviews: ~82 rows (approximately)
INSERT INTO `inspection_monthly_reviews` (`id`, `inspection_id`, `bulan_ke`, `review_status`, `reviewed_by`, `alasan_penolakan`, `reviewed_at`, `created_at`, `updated_at`) VALUES
	(43, 21, 1, 'APPROVED', 3, NULL, '2026-07-02 08:04:45', '2026-06-12 03:35:47', '2026-07-02 08:04:45'),
	(44, 22, 1, 'APPROVED', 3, NULL, '2026-06-13 13:41:17', '2026-06-13 13:19:35', '2026-06-13 13:41:17'),
	(46, 22, 2, 'APPROVED', 3, NULL, '2026-06-13 14:24:41', '2026-06-13 13:57:55', '2026-06-13 14:24:41'),
	(47, 22, 3, 'APPROVED', 3, NULL, '2026-06-13 14:39:32', '2026-06-13 14:32:02', '2026-06-13 14:39:32'),
	(48, 22, 4, 'APPROVED', 3, NULL, '2026-06-13 14:41:11', '2026-06-13 14:40:00', '2026-06-13 14:41:11'),
	(50, 22, 5, 'APPROVED', 3, NULL, '2026-06-13 14:41:35', '2026-06-13 14:41:30', '2026-06-13 14:41:35'),
	(51, 22, 6, 'APPROVED', 3, NULL, '2026-06-13 14:41:58', '2026-06-13 14:41:52', '2026-06-13 14:41:58'),
	(52, 23, 1, 'APPROVED', 3, NULL, '2026-06-13 16:14:45', '2026-06-13 16:13:47', '2026-06-13 16:14:45'),
	(53, 23, 2, 'APPROVED', 3, NULL, '2026-06-13 16:15:21', '2026-06-13 16:15:09', '2026-06-13 16:15:21'),
	(54, 23, 3, 'APPROVED', 3, NULL, '2026-06-13 16:15:41', '2026-06-13 16:15:30', '2026-06-13 16:15:41'),
	(55, 23, 4, 'APPROVED', 3, NULL, '2026-06-13 16:15:58', '2026-06-13 16:15:50', '2026-06-13 16:15:58'),
	(56, 23, 5, 'APPROVED', 3, NULL, '2026-06-13 16:16:26', '2026-06-13 16:16:16', '2026-06-13 16:16:26'),
	(57, 23, 6, 'APPROVED', 3, NULL, '2026-06-13 16:16:44', '2026-06-13 16:16:38', '2026-06-13 16:16:44'),
	(58, 24, 1, 'APPROVED', 3, NULL, '2026-06-15 06:49:01', '2026-06-15 06:44:14', '2026-06-15 06:49:01'),
	(59, 25, 1, 'APPROVED', 3, NULL, '2026-06-17 03:40:37', '2026-06-15 06:46:58', '2026-06-17 03:40:37'),
	(60, 24, 2, 'APPROVED', 3, NULL, '2026-06-15 07:13:29', '2026-06-15 07:09:31', '2026-06-15 07:13:29'),
	(61, 24, 3, 'APPROVED', 3, NULL, '2026-06-15 07:48:20', '2026-06-15 07:19:12', '2026-06-15 07:48:20'),
	(64, 24, 4, 'APPROVED', 3, NULL, '2026-06-17 03:19:29', '2026-06-17 03:17:23', '2026-06-17 03:19:29'),
	(65, 24, 5, 'APPROVED', 3, NULL, '2026-06-17 03:29:27', '2026-06-17 03:19:52', '2026-06-17 03:29:27'),
	(67, 24, 6, 'APPROVED', 3, NULL, '2026-06-17 03:29:45', '2026-06-17 03:29:41', '2026-06-17 03:29:45'),
	(68, 25, 2, 'APPROVED', 3, NULL, '2026-06-17 05:08:02', '2026-06-17 05:07:54', '2026-06-17 05:08:02'),
	(69, 25, 3, 'APPROVED', 3, NULL, '2026-06-17 05:08:15', '2026-06-17 05:08:12', '2026-06-17 05:08:15'),
	(70, 25, 4, 'APPROVED', 3, NULL, '2026-06-17 05:08:30', '2026-06-17 05:08:27', '2026-06-17 05:08:30'),
	(71, 25, 5, 'APPROVED', 3, NULL, '2026-06-17 05:08:42', '2026-06-17 05:08:39', '2026-06-17 05:08:42'),
	(72, 25, 6, 'APPROVED', 3, NULL, '2026-06-17 05:08:54', '2026-06-17 05:08:50', '2026-06-17 05:08:54'),
	(80, 28, 1, 'APPROVED', 3, NULL, '2026-06-18 05:46:40', '2026-06-18 05:46:13', '2026-06-18 05:46:40'),
	(81, 29, 1, 'APPROVED', 3, NULL, '2026-06-18 06:33:17', '2026-06-18 06:32:41', '2026-06-18 06:33:17'),
	(82, 30, 1, 'APPROVED', 3, NULL, '2026-06-18 06:40:13', '2026-06-18 06:34:41', '2026-06-18 06:40:13'),
	(83, 31, 1, 'APPROVED', 3, NULL, '2026-06-18 09:44:40', '2026-06-18 06:39:57', '2026-06-18 09:44:40'),
	(97, 205, 1, 'APPROVED', 11, NULL, '2026-06-18 07:49:53', '2026-06-18 07:49:53', '2026-06-18 07:49:53'),
	(98, 205, 2, 'APPROVED', 11, NULL, '2026-06-18 07:49:53', '2026-06-18 07:49:53', '2026-06-18 07:49:53'),
	(99, 206, 1, 'APPROVED', 3, NULL, '2026-06-18 08:12:44', '2026-06-18 07:49:53', '2026-06-18 08:12:44'),
	(100, 202, 1, 'APPROVED', 3, NULL, '2026-06-18 07:49:53', '2026-06-18 07:49:53', '2026-06-18 07:49:53'),
	(101, 202, 2, 'REJECTED', 3, 'Kerusakan alat tidak dilaporkan', '2026-06-18 07:49:53', '2026-06-18 07:49:53', '2026-06-18 07:49:53'),
	(102, 204, 1, 'APPROVED', 3, NULL, '2026-06-18 07:49:53', '2026-06-18 07:49:53', '2026-06-18 07:49:53'),
	(103, 29, 2, 'APPROVED', 3, NULL, '2026-06-18 09:44:24', '2026-06-18 09:44:03', '2026-06-18 09:44:24'),
	(104, 30, 2, 'APPROVED', 3, NULL, '2026-06-22 07:53:19', '2026-06-22 07:48:12', '2026-06-22 07:53:19'),
	(105, 30, 3, 'APPROVED', 3, NULL, '2026-06-26 04:17:08', '2026-06-22 08:06:20', '2026-06-26 04:17:08'),
	(106, 29, 3, 'APPROVED', 3, NULL, '2026-06-26 04:17:13', '2026-06-22 08:47:26', '2026-06-26 04:17:13'),
	(107, 31, 2, 'APPROVED', 3, NULL, '2026-06-26 04:17:21', '2026-06-22 08:47:32', '2026-06-26 04:17:21'),
	(108, 28, 2, 'APPROVED', 3, NULL, '2026-06-26 04:17:26', '2026-06-22 08:47:39', '2026-06-26 04:17:26'),
	(109, 30, 4, 'APPROVED', 3, NULL, '2026-06-26 07:27:09', '2026-06-26 04:18:08', '2026-06-26 07:27:09'),
	(110, 29, 4, 'APPROVED', 3, NULL, '2026-06-26 07:27:13', '2026-06-26 04:18:16', '2026-06-26 07:27:13'),
	(111, 31, 3, 'APPROVED', 3, NULL, '2026-06-26 07:27:16', '2026-06-26 04:18:26', '2026-06-26 07:27:16'),
	(112, 28, 3, 'APPROVED', 3, NULL, '2026-06-26 07:27:19', '2026-06-26 04:18:31', '2026-06-26 07:27:19'),
	(113, 30, 5, 'APPROVED', 3, NULL, '2026-06-26 07:40:27', '2026-06-26 07:39:07', '2026-06-26 07:40:27'),
	(115, 30, 6, 'APPROVED', 3, NULL, '2026-07-01 09:41:46', '2026-06-26 07:47:50', '2026-07-01 09:41:46'),
	(116, 29, 5, 'APPROVED', 3, NULL, '2026-07-01 09:41:50', '2026-06-26 07:47:57', '2026-07-01 09:41:50'),
	(117, 31, 4, 'APPROVED', 3, NULL, '2026-07-01 09:41:54', '2026-06-26 07:48:06', '2026-07-01 09:41:54'),
	(118, 28, 4, 'APPROVED', 3, NULL, '2026-07-01 09:41:58', '2026-06-26 07:48:11', '2026-07-01 09:41:58'),
	(119, 29, 6, 'APPROVED', 3, NULL, '2026-07-08 06:41:47', '2026-07-02 05:24:45', '2026-07-08 06:41:47'),
	(120, 31, 5, 'APPROVED', 3, NULL, '2026-07-08 06:41:52', '2026-07-02 07:05:53', '2026-07-08 06:41:52'),
	(121, 28, 5, 'APPROVED', 3, NULL, '2026-07-08 06:41:56', '2026-07-02 07:07:30', '2026-07-08 06:41:56'),
	(126, 21, 2, 'PENDING', NULL, NULL, NULL, '2026-07-02 08:05:09', '2026-07-02 08:05:09'),
	(128, 212, 1, 'APPROVED', 3, NULL, '2026-07-06 08:01:54', '2026-07-02 08:24:38', '2026-07-06 08:01:54'),
	(129, 213, 1, 'APPROVED', 3, NULL, '2026-07-02 09:24:08', '2026-07-02 09:23:36', '2026-07-02 09:24:08'),
	(131, 214, 1, 'APPROVED', 3, NULL, '2026-07-06 03:03:48', '2026-07-06 03:03:41', '2026-07-06 03:03:48'),
	(132, 214, 2, 'APPROVED', 3, NULL, '2026-07-06 04:52:48', '2026-07-06 04:28:45', '2026-07-06 04:52:48'),
	(133, 214, 3, 'APPROVED', 3, NULL, '2026-07-06 05:31:10', '2026-07-06 05:15:45', '2026-07-06 05:31:10'),
	(134, 214, 4, 'APPROVED', 3, NULL, '2026-07-06 06:33:07', '2026-07-06 06:16:21', '2026-07-06 06:33:07'),
	(135, 214, 5, 'APPROVED', 3, NULL, '2026-07-06 08:00:16', '2026-07-06 06:33:33', '2026-07-06 08:00:16'),
	(140, 214, 6, 'APPROVED', 3, NULL, '2026-07-06 08:01:21', '2026-07-06 08:01:11', '2026-07-06 08:01:21'),
	(141, 212, 2, 'APPROVED', 3, NULL, '2026-07-06 08:02:52', '2026-07-06 08:02:49', '2026-07-06 08:02:52'),
	(142, 212, 3, 'APPROVED', 3, NULL, '2026-07-06 08:03:22', '2026-07-06 08:03:19', '2026-07-06 08:03:22'),
	(143, 212, 4, 'APPROVED', 3, NULL, '2026-07-06 08:03:55', '2026-07-06 08:03:45', '2026-07-06 08:03:55'),
	(144, 212, 5, 'APPROVED', 3, NULL, '2026-07-06 08:04:25', '2026-07-06 08:04:21', '2026-07-06 08:04:25'),
	(145, 212, 6, 'APPROVED', 3, NULL, '2026-07-06 08:04:55', '2026-07-06 08:04:50', '2026-07-06 08:04:55'),
	(146, 215, 1, 'APPROVED', 3, NULL, '2026-07-07 04:02:16', '2026-07-07 03:54:23', '2026-07-07 04:02:16'),
	(148, 215, 2, 'APPROVED', 3, NULL, '2026-07-07 04:03:30', '2026-07-07 04:03:22', '2026-07-07 04:03:30'),
	(149, 215, 3, 'APPROVED', 3, NULL, '2026-07-07 04:04:06', '2026-07-07 04:03:59', '2026-07-07 04:04:06'),
	(150, 215, 4, 'APPROVED', 3, NULL, '2026-07-07 04:04:40', '2026-07-07 04:04:30', '2026-07-07 04:04:40'),
	(151, 215, 5, 'APPROVED', 3, NULL, '2026-07-07 04:05:07', '2026-07-07 04:05:03', '2026-07-07 04:05:07'),
	(152, 215, 6, 'APPROVED', 3, NULL, '2026-07-07 04:05:35', '2026-07-07 04:05:29', '2026-07-07 04:05:35'),
	(153, 216, 1, 'APPROVED', 3, NULL, '2026-07-07 04:10:50', '2026-07-07 04:10:43', '2026-07-07 04:10:50'),
	(154, 216, 2, 'APPROVED', 3, NULL, '2026-07-07 04:11:12', '2026-07-07 04:11:08', '2026-07-07 04:11:12'),
	(155, 216, 3, 'APPROVED', 3, NULL, '2026-07-07 04:11:40', '2026-07-07 04:11:30', '2026-07-07 04:11:40'),
	(156, 216, 4, 'APPROVED', 3, NULL, '2026-07-07 04:12:05', '2026-07-07 04:12:02', '2026-07-07 04:12:05'),
	(157, 216, 5, 'APPROVED', 3, NULL, '2026-07-07 04:12:36', '2026-07-07 04:12:30', '2026-07-07 04:12:36'),
	(158, 216, 6, 'APPROVED', 3, NULL, '2026-07-07 04:13:34', '2026-07-07 04:13:09', '2026-07-07 04:13:34'),
	(159, 213, 2, 'PENDING', NULL, NULL, NULL, '2026-07-08 06:43:24', '2026-07-08 06:43:24'),
	(161, 218, 1, 'REJECTED', 3, 'asdg', '2026-07-08 07:50:08', '2026-07-08 07:29:04', '2026-07-08 07:50:08'),
	(163, 31, 6, 'PENDING', NULL, NULL, NULL, '2026-07-08 07:47:54', '2026-07-08 07:47:54');

-- Dumping data for table ppns_lab_inspection.inspection_results: ~389 rows (approximately)
INSERT INTO `inspection_results` (`id`, `inspection_id`, `subitem_id`, `bulan_ke`, `status`, `alasan_penolakan`, `keterangan`, `approval_status`, `created_at`) VALUES
	(596, 21, 184, 1, 'B', NULL, 'Baik', 'APPROVED', '2026-06-12 03:35:47'),
	(597, 21, 185, 1, 'B', NULL, 'Baik', 'APPROVED', '2026-06-12 03:35:47'),
	(598, 21, 186, 1, 'B', NULL, 'Baik', 'APPROVED', '2026-06-12 03:35:47'),
	(599, 21, 187, 1, 'K', NULL, 'Kurang', 'APPROVED', '2026-06-12 03:35:47'),
	(600, 21, 188, 1, 'B', NULL, 'Baik', 'APPROVED', '2026-06-12 03:35:47'),
	(601, 21, 189, 1, 'B', NULL, 'Baik', 'APPROVED', '2026-06-12 03:35:47'),
	(602, 22, 193, 1, 'B', NULL, 'Baik', 'APPROVED', '2026-06-13 13:19:35'),
	(603, 22, 194, 1, 'B', NULL, 'Baik', 'APPROVED', '2026-06-13 13:19:35'),
	(604, 22, 195, 1, 'B', NULL, 'Baik', 'APPROVED', '2026-06-13 13:19:35'),
	(605, 22, 196, 1, 'B', NULL, 'Baik', 'APPROVED', '2026-06-13 13:19:35'),
	(606, 22, 197, 1, 'B', NULL, 'Baik', 'APPROVED', '2026-06-13 13:19:35'),
	(607, 22, 198, 1, 'B', NULL, 'Baik', 'APPROVED', '2026-06-13 13:19:35'),
	(614, 22, 193, 2, 'B', NULL, 'Baik', 'APPROVED', '2026-06-13 13:57:55'),
	(615, 22, 194, 2, 'K', NULL, 'Kurang', 'APPROVED', '2026-06-13 13:57:55'),
	(616, 22, 195, 2, 'B', NULL, 'Baik', 'APPROVED', '2026-06-13 13:57:55'),
	(617, 22, 196, 2, 'B', NULL, 'Baik', 'APPROVED', '2026-06-13 13:57:55'),
	(618, 22, 197, 2, 'K', NULL, 'Kurang', 'APPROVED', '2026-06-13 13:57:55'),
	(619, 22, 198, 2, 'B', NULL, 'Baik', 'APPROVED', '2026-06-13 13:57:55'),
	(620, 22, 193, 3, 'B', NULL, 'Baik', 'APPROVED', '2026-06-13 14:32:02'),
	(621, 22, 194, 3, 'B', NULL, 'Baik', 'APPROVED', '2026-06-13 14:32:02'),
	(622, 22, 195, 3, 'B', NULL, 'Baik', 'APPROVED', '2026-06-13 14:32:02'),
	(623, 22, 196, 3, 'B', NULL, 'Baik', 'APPROVED', '2026-06-13 14:32:02'),
	(624, 22, 197, 3, 'B', NULL, 'Baik', 'APPROVED', '2026-06-13 14:32:02'),
	(625, 22, 198, 3, 'B', NULL, 'Baik', 'APPROVED', '2026-06-13 14:32:02'),
	(626, 22, 193, 4, 'B', NULL, 'Baik', 'APPROVED', '2026-06-13 14:40:00'),
	(627, 22, 194, 4, 'B', NULL, 'Baik', 'APPROVED', '2026-06-13 14:40:00'),
	(628, 22, 195, 4, 'B', NULL, 'Baik', 'APPROVED', '2026-06-13 14:40:00'),
	(629, 22, 196, 4, 'B', NULL, 'Baik', 'APPROVED', '2026-06-13 14:40:00'),
	(630, 22, 197, 4, 'B', NULL, 'Baik', 'APPROVED', '2026-06-13 14:40:00'),
	(631, 22, 198, 4, 'B', NULL, 'Baik', 'APPROVED', '2026-06-13 14:40:00'),
	(638, 22, 193, 5, 'B', NULL, 'Baik', 'APPROVED', '2026-06-13 14:41:30'),
	(639, 22, 194, 5, 'B', NULL, 'Baik', 'APPROVED', '2026-06-13 14:41:30'),
	(640, 22, 195, 5, 'B', NULL, 'Baik', 'APPROVED', '2026-06-13 14:41:30'),
	(641, 22, 196, 5, 'B', NULL, 'Baik', 'APPROVED', '2026-06-13 14:41:30'),
	(642, 22, 197, 5, 'B', NULL, 'Baik', 'APPROVED', '2026-06-13 14:41:30'),
	(643, 22, 198, 5, 'K', NULL, 'Kurang', 'APPROVED', '2026-06-13 14:41:30'),
	(644, 22, 193, 6, 'B', NULL, 'Baik', 'APPROVED', '2026-06-13 14:41:52'),
	(645, 22, 194, 6, 'B', NULL, 'Baik', 'APPROVED', '2026-06-13 14:41:52'),
	(646, 22, 195, 6, 'K', NULL, 'Kurang', 'APPROVED', '2026-06-13 14:41:52'),
	(647, 22, 196, 6, 'B', NULL, 'Baik', 'APPROVED', '2026-06-13 14:41:52'),
	(648, 22, 197, 6, 'B', NULL, 'Baik', 'APPROVED', '2026-06-13 14:41:52'),
	(649, 22, 198, 6, 'B', NULL, 'Baik', 'APPROVED', '2026-06-13 14:41:52'),
	(650, 23, 199, 1, 'B', NULL, 'Baik', 'APPROVED', '2026-06-13 16:13:47'),
	(651, 23, 200, 1, 'B', NULL, 'Baik', 'APPROVED', '2026-06-13 16:13:47'),
	(652, 23, 201, 1, 'B', NULL, 'Baik', 'APPROVED', '2026-06-13 16:13:47'),
	(653, 23, 202, 1, 'B', NULL, 'Baik', 'APPROVED', '2026-06-13 16:13:47'),
	(654, 23, 203, 1, 'B', NULL, 'Baik', 'APPROVED', '2026-06-13 16:13:47'),
	(655, 23, 204, 1, 'B', NULL, 'Baik', 'APPROVED', '2026-06-13 16:13:47'),
	(656, 23, 199, 2, 'B', NULL, 'Baik', 'APPROVED', '2026-06-13 16:15:09'),
	(657, 23, 200, 2, 'K', NULL, 'Kurang', 'APPROVED', '2026-06-13 16:15:09'),
	(658, 23, 201, 2, 'B', NULL, 'Baik', 'APPROVED', '2026-06-13 16:15:09'),
	(659, 23, 202, 2, 'B', NULL, 'Baik', 'APPROVED', '2026-06-13 16:15:09'),
	(660, 23, 203, 2, 'K', NULL, 'Kurang', 'APPROVED', '2026-06-13 16:15:09'),
	(661, 23, 204, 2, 'B', NULL, 'Baik', 'APPROVED', '2026-06-13 16:15:09'),
	(662, 23, 199, 3, 'B', NULL, 'Baik', 'APPROVED', '2026-06-13 16:15:30'),
	(663, 23, 200, 3, 'B', NULL, 'Baik', 'APPROVED', '2026-06-13 16:15:30'),
	(664, 23, 201, 3, 'B', NULL, 'Baik', 'APPROVED', '2026-06-13 16:15:30'),
	(665, 23, 202, 3, 'B', NULL, 'Baik', 'APPROVED', '2026-06-13 16:15:30'),
	(666, 23, 203, 3, 'B', NULL, 'Baik', 'APPROVED', '2026-06-13 16:15:30'),
	(667, 23, 204, 3, 'B', NULL, 'Baik', 'APPROVED', '2026-06-13 16:15:30'),
	(668, 23, 199, 4, 'K', NULL, 'Kurang', 'APPROVED', '2026-06-13 16:15:50'),
	(669, 23, 200, 4, 'K', NULL, 'Kurang', 'APPROVED', '2026-06-13 16:15:50'),
	(670, 23, 201, 4, 'K', NULL, 'Kurang', 'APPROVED', '2026-06-13 16:15:50'),
	(671, 23, 202, 4, 'K', NULL, 'Kurang', 'APPROVED', '2026-06-13 16:15:50'),
	(672, 23, 203, 4, 'K', NULL, 'Kurang', 'APPROVED', '2026-06-13 16:15:50'),
	(673, 23, 204, 4, 'K', NULL, 'Kurang', 'APPROVED', '2026-06-13 16:15:50'),
	(674, 23, 199, 5, 'B', NULL, 'Baik', 'APPROVED', '2026-06-13 16:16:16'),
	(675, 23, 200, 5, 'B', NULL, 'Baik', 'APPROVED', '2026-06-13 16:16:16'),
	(676, 23, 201, 5, 'B', NULL, 'Baik', 'APPROVED', '2026-06-13 16:16:16'),
	(677, 23, 202, 5, 'B', NULL, 'Baik', 'APPROVED', '2026-06-13 16:16:16'),
	(678, 23, 203, 5, 'B', NULL, 'Baik', 'APPROVED', '2026-06-13 16:16:16'),
	(679, 23, 204, 5, 'B', NULL, 'Baik', 'APPROVED', '2026-06-13 16:16:16'),
	(680, 23, 199, 6, 'K', NULL, 'Kurang', 'APPROVED', '2026-06-13 16:16:38'),
	(681, 23, 200, 6, 'B', NULL, 'Baik', 'APPROVED', '2026-06-13 16:16:38'),
	(682, 23, 201, 6, 'K', NULL, 'Kurang', 'APPROVED', '2026-06-13 16:16:38'),
	(683, 23, 202, 6, 'K', NULL, 'Kurang', 'APPROVED', '2026-06-13 16:16:38'),
	(684, 23, 203, 6, 'B', NULL, 'Baik', 'APPROVED', '2026-06-13 16:16:38'),
	(685, 23, 204, 6, 'K', NULL, 'Kurang', 'APPROVED', '2026-06-13 16:16:38'),
	(686, 24, 205, 1, 'B', NULL, 'Baik', 'APPROVED', '2026-06-15 06:44:14'),
	(687, 24, 206, 1, 'K', NULL, 'Kurang', 'APPROVED', '2026-06-15 06:44:14'),
	(688, 24, 207, 1, 'B', NULL, 'Baik', 'APPROVED', '2026-06-15 06:44:14'),
	(689, 24, 216, 1, 'K', NULL, 'Kurang', 'APPROVED', '2026-06-15 06:44:14'),
	(690, 24, 217, 1, 'B', NULL, 'Baik', 'APPROVED', '2026-06-15 06:44:14'),
	(691, 24, 218, 1, 'K', NULL, 'Kurang', 'APPROVED', '2026-06-15 06:44:14'),
	(692, 24, 208, 1, 'B', NULL, 'Baik', 'APPROVED', '2026-06-15 06:44:14'),
	(693, 24, 209, 1, 'K', NULL, 'Kurang', 'APPROVED', '2026-06-15 06:44:14'),
	(694, 25, 210, 1, 'B', NULL, 'Baik', 'APPROVED', '2026-06-15 06:46:58'),
	(695, 25, 211, 1, 'B', NULL, 'Baik', 'APPROVED', '2026-06-15 06:46:58'),
	(696, 25, 212, 1, 'B', NULL, 'Baik', 'APPROVED', '2026-06-15 06:46:58'),
	(697, 25, 213, 1, 'B', NULL, 'Baik', 'APPROVED', '2026-06-15 06:46:58'),
	(698, 25, 214, 1, 'B', NULL, 'Baik', 'APPROVED', '2026-06-15 06:46:58'),
	(699, 25, 215, 1, 'B', NULL, 'Baik', 'APPROVED', '2026-06-15 06:46:58'),
	(700, 24, 205, 2, 'B', NULL, 'Baik', 'APPROVED', '2026-06-15 07:09:31'),
	(701, 24, 206, 2, 'K', NULL, 'Kurang', 'APPROVED', '2026-06-15 07:09:31'),
	(702, 24, 207, 2, 'B', NULL, 'Baik', 'APPROVED', '2026-06-15 07:09:31'),
	(703, 24, 216, 2, 'K', NULL, 'Kurang', 'APPROVED', '2026-06-15 07:09:31'),
	(704, 24, 217, 2, 'B', NULL, 'Baik', 'APPROVED', '2026-06-15 07:09:31'),
	(705, 24, 218, 2, 'B', NULL, 'Baik', 'APPROVED', '2026-06-15 07:09:31'),
	(706, 24, 208, 2, 'K', NULL, 'Kurang', 'APPROVED', '2026-06-15 07:09:31'),
	(707, 24, 209, 2, 'K', NULL, 'Kurang', 'APPROVED', '2026-06-15 07:09:31'),
	(708, 24, 205, 3, 'B', NULL, 'Baik', 'APPROVED', '2026-06-15 07:19:11'),
	(709, 24, 206, 3, 'K', NULL, 'Kurang', 'APPROVED', '2026-06-15 07:19:11'),
	(710, 24, 207, 3, 'B', NULL, 'Baik', 'APPROVED', '2026-06-15 07:19:11'),
	(711, 24, 216, 3, 'B', NULL, 'Baik', 'APPROVED', '2026-06-15 07:19:11'),
	(712, 24, 217, 3, 'K', NULL, 'Kurang', 'APPROVED', '2026-06-15 07:19:11'),
	(713, 24, 218, 3, 'B', NULL, 'Baik', 'APPROVED', '2026-06-15 07:19:12'),
	(714, 24, 208, 3, 'K', NULL, 'Kurang', 'APPROVED', '2026-06-15 07:19:12'),
	(715, 24, 209, 3, 'B', NULL, 'Baik', 'APPROVED', '2026-06-15 07:19:12'),
	(730, 24, 205, 4, 'B', NULL, 'Baik', 'APPROVED', '2026-06-17 03:17:23'),
	(731, 24, 206, 4, 'B', NULL, 'Baik', 'APPROVED', '2026-06-17 03:17:23'),
	(732, 24, 207, 4, 'B', NULL, 'Baik', 'APPROVED', '2026-06-17 03:17:23'),
	(733, 24, 216, 4, 'B', NULL, 'Baik', 'APPROVED', '2026-06-17 03:17:23'),
	(734, 24, 217, 4, 'B', NULL, 'Baik', 'APPROVED', '2026-06-17 03:17:23'),
	(735, 24, 218, 4, 'B', NULL, 'Baik', 'APPROVED', '2026-06-17 03:17:23'),
	(736, 24, 208, 4, 'B', NULL, 'Baik', 'APPROVED', '2026-06-17 03:17:23'),
	(737, 24, 209, 4, 'B', NULL, 'Baik', 'APPROVED', '2026-06-17 03:17:23'),
	(738, 24, 205, 5, 'B', NULL, 'Baik', 'APPROVED', '2026-06-17 03:19:52'),
	(739, 24, 206, 5, 'B', NULL, 'Baik', 'APPROVED', '2026-06-17 03:19:52'),
	(740, 24, 207, 5, 'B', NULL, 'Baik', 'APPROVED', '2026-06-17 03:19:52'),
	(741, 24, 216, 5, 'B', NULL, 'Baik', 'APPROVED', '2026-06-17 03:19:52'),
	(742, 24, 217, 5, 'B', NULL, 'Baik', 'APPROVED', '2026-06-17 03:19:52'),
	(743, 24, 218, 5, 'B', NULL, 'Baik', 'APPROVED', '2026-06-17 03:19:52'),
	(744, 24, 208, 5, 'B', NULL, 'Baik', 'APPROVED', '2026-06-17 03:19:52'),
	(745, 24, 209, 5, 'B', NULL, 'Baik', 'APPROVED', '2026-06-17 03:19:52'),
	(754, 24, 205, 6, 'B', NULL, 'Baik', 'APPROVED', '2026-06-17 03:29:41'),
	(755, 24, 206, 6, 'K', NULL, 'Kurang', 'APPROVED', '2026-06-17 03:29:41'),
	(756, 24, 207, 6, 'B', NULL, 'Baik', 'APPROVED', '2026-06-17 03:29:41'),
	(757, 24, 216, 6, 'K', NULL, 'Kurang', 'APPROVED', '2026-06-17 03:29:41'),
	(758, 24, 217, 6, 'B', NULL, 'Baik', 'APPROVED', '2026-06-17 03:29:41'),
	(759, 24, 218, 6, 'K', NULL, 'Kurang', 'APPROVED', '2026-06-17 03:29:41'),
	(760, 24, 208, 6, 'B', NULL, 'Baik', 'APPROVED', '2026-06-17 03:29:41'),
	(761, 24, 209, 6, 'K', NULL, 'Kurang', 'APPROVED', '2026-06-17 03:29:41'),
	(762, 25, 210, 2, 'B', NULL, 'Baik', 'APPROVED', '2026-06-17 05:07:54'),
	(763, 25, 211, 2, 'K', NULL, 'Kurang', 'APPROVED', '2026-06-17 05:07:54'),
	(764, 25, 212, 2, 'B', NULL, 'Baik', 'APPROVED', '2026-06-17 05:07:54'),
	(765, 25, 213, 2, 'K', NULL, 'Kurang', 'APPROVED', '2026-06-17 05:07:54'),
	(766, 25, 214, 2, 'B', NULL, 'Baik', 'APPROVED', '2026-06-17 05:07:54'),
	(767, 25, 215, 2, 'K', NULL, 'Kurang', 'APPROVED', '2026-06-17 05:07:54'),
	(768, 25, 210, 3, 'B', NULL, 'Baik', 'APPROVED', '2026-06-17 05:08:12'),
	(769, 25, 211, 3, 'B', NULL, 'Baik', 'APPROVED', '2026-06-17 05:08:12'),
	(770, 25, 212, 3, 'B', NULL, 'Baik', 'APPROVED', '2026-06-17 05:08:12'),
	(771, 25, 213, 3, 'B', NULL, 'Baik', 'APPROVED', '2026-06-17 05:08:12'),
	(772, 25, 214, 3, 'K', NULL, 'Kurang', 'APPROVED', '2026-06-17 05:08:12'),
	(773, 25, 215, 3, 'B', NULL, 'Baik', 'APPROVED', '2026-06-17 05:08:12'),
	(774, 25, 210, 4, 'B', NULL, 'Baik', 'APPROVED', '2026-06-17 05:08:27'),
	(775, 25, 211, 4, 'B', NULL, 'Baik', 'APPROVED', '2026-06-17 05:08:27'),
	(776, 25, 212, 4, 'B', NULL, 'Baik', 'APPROVED', '2026-06-17 05:08:27'),
	(777, 25, 213, 4, 'B', NULL, 'Baik', 'APPROVED', '2026-06-17 05:08:27'),
	(778, 25, 214, 4, 'B', NULL, 'Baik', 'APPROVED', '2026-06-17 05:08:27'),
	(779, 25, 215, 4, 'B', NULL, 'Baik', 'APPROVED', '2026-06-17 05:08:27'),
	(780, 25, 210, 5, 'B', NULL, 'Baik', 'APPROVED', '2026-06-17 05:08:39'),
	(781, 25, 211, 5, 'K', NULL, 'Kurang', 'APPROVED', '2026-06-17 05:08:39'),
	(782, 25, 212, 5, 'B', NULL, 'Baik', 'APPROVED', '2026-06-17 05:08:39'),
	(783, 25, 213, 5, 'B', NULL, 'Baik', 'APPROVED', '2026-06-17 05:08:39'),
	(784, 25, 214, 5, 'K', NULL, 'Kurang', 'APPROVED', '2026-06-17 05:08:39'),
	(785, 25, 215, 5, 'B', NULL, 'Baik', 'APPROVED', '2026-06-17 05:08:39'),
	(786, 25, 210, 6, 'B', NULL, 'Baik', 'APPROVED', '2026-06-17 05:08:50'),
	(787, 25, 211, 6, 'B', NULL, 'Baik', 'APPROVED', '2026-06-17 05:08:50'),
	(788, 25, 212, 6, 'B', NULL, 'Baik', 'APPROVED', '2026-06-17 05:08:50'),
	(789, 25, 213, 6, 'B', NULL, 'Baik', 'APPROVED', '2026-06-17 05:08:50'),
	(790, 25, 214, 6, 'B', NULL, 'Baik', 'APPROVED', '2026-06-17 05:08:50'),
	(791, 25, 215, 6, 'B', NULL, 'Baik', 'APPROVED', '2026-06-17 05:08:50'),
	(848, 28, 244, 1, 'B', NULL, 'Baik', 'APPROVED', '2026-06-18 05:46:13'),
	(849, 29, 250, 1, 'B', NULL, 'Baik', 'APPROVED', '2026-06-18 06:32:41'),
	(850, 29, 252, 1, 'B', NULL, 'Baik', 'APPROVED', '2026-06-18 06:32:41'),
	(851, 29, 251, 1, 'K', NULL, 'Kurang', 'APPROVED', '2026-06-18 06:32:41'),
	(852, 30, 253, 1, 'B', NULL, 'Baik', 'APPROVED', '2026-06-18 06:34:41'),
	(853, 31, 248, 1, 'B', NULL, 'Baik', 'APPROVED', '2026-06-18 06:39:57'),
	(854, 31, 249, 1, 'K', NULL, 'Kurang', 'APPROVED', '2026-06-18 06:39:57'),
	(966, 205, 199, 1, 'B', NULL, NULL, 'APPROVED', '2026-06-18 07:49:53'),
	(967, 205, 200, 1, 'B', NULL, NULL, 'APPROVED', '2026-06-18 07:49:53'),
	(968, 205, 201, 1, 'B', NULL, NULL, 'APPROVED', '2026-06-18 07:49:53'),
	(969, 205, 202, 1, 'K', NULL, NULL, 'APPROVED', '2026-06-18 07:49:53'),
	(970, 205, 203, 1, 'B', NULL, NULL, 'APPROVED', '2026-06-18 07:49:53'),
	(971, 205, 204, 1, 'B', NULL, NULL, 'APPROVED', '2026-06-18 07:49:53'),
	(972, 205, 199, 2, 'B', NULL, NULL, 'APPROVED', '2026-06-18 07:49:53'),
	(973, 205, 200, 2, 'K', NULL, NULL, 'APPROVED', '2026-06-18 07:49:53'),
	(974, 205, 201, 2, 'B', NULL, NULL, 'APPROVED', '2026-06-18 07:49:53'),
	(975, 205, 202, 2, 'B', NULL, NULL, 'APPROVED', '2026-06-18 07:49:53'),
	(976, 205, 203, 2, 'B', NULL, NULL, 'APPROVED', '2026-06-18 07:49:53'),
	(977, 205, 204, 2, 'K', NULL, NULL, 'APPROVED', '2026-06-18 07:49:53'),
	(978, 206, 199, 1, 'K', NULL, NULL, 'APPROVED', '2026-06-18 07:49:53'),
	(979, 206, 200, 1, 'K', NULL, NULL, 'APPROVED', '2026-06-18 07:49:53'),
	(980, 206, 201, 1, 'N/A', NULL, NULL, 'APPROVED', '2026-06-18 07:49:53'),
	(981, 206, 202, 1, 'B', NULL, NULL, 'APPROVED', '2026-06-18 07:49:53'),
	(982, 206, 203, 1, 'B', NULL, NULL, 'APPROVED', '2026-06-18 07:49:53'),
	(983, 206, 204, 1, 'B', NULL, NULL, 'APPROVED', '2026-06-18 07:49:53'),
	(984, 202, 184, 1, 'B', NULL, NULL, 'APPROVED', '2026-06-18 07:49:53'),
	(985, 202, 185, 1, 'B', NULL, NULL, 'APPROVED', '2026-06-18 07:49:53'),
	(986, 202, 186, 1, 'B', NULL, NULL, 'APPROVED', '2026-06-18 07:49:53'),
	(987, 202, 187, 1, 'B', NULL, NULL, 'APPROVED', '2026-06-18 07:49:53'),
	(988, 202, 188, 1, 'B', NULL, NULL, 'APPROVED', '2026-06-18 07:49:53'),
	(989, 202, 189, 1, 'B', NULL, NULL, 'APPROVED', '2026-06-18 07:49:53'),
	(990, 202, 184, 2, 'K', NULL, NULL, 'REJECTED', '2026-06-18 07:49:53'),
	(991, 202, 185, 2, 'K', NULL, NULL, 'REJECTED', '2026-06-18 07:49:53'),
	(992, 202, 186, 2, 'K', NULL, NULL, 'REJECTED', '2026-06-18 07:49:53'),
	(993, 202, 187, 2, 'B', NULL, NULL, 'REJECTED', '2026-06-18 07:49:53'),
	(994, 202, 188, 2, 'B', NULL, NULL, 'REJECTED', '2026-06-18 07:49:53'),
	(995, 202, 189, 2, 'K', NULL, NULL, 'REJECTED', '2026-06-18 07:49:53'),
	(996, 204, 193, 1, 'B', NULL, NULL, 'APPROVED', '2026-06-18 07:49:53'),
	(997, 204, 194, 1, 'N/A', NULL, NULL, 'APPROVED', '2026-06-18 07:49:53'),
	(998, 204, 195, 1, 'B', NULL, NULL, 'APPROVED', '2026-06-18 07:49:53'),
	(999, 204, 196, 1, 'B', NULL, NULL, 'APPROVED', '2026-06-18 07:49:53'),
	(1000, 204, 197, 1, 'K', NULL, NULL, 'APPROVED', '2026-06-18 07:49:53'),
	(1001, 204, 198, 1, 'B', NULL, NULL, 'APPROVED', '2026-06-18 07:49:53'),
	(1010, 29, 250, 2, 'B', NULL, 'Baik', 'APPROVED', '2026-06-18 09:44:03'),
	(1011, 29, 252, 2, 'K', NULL, 'Kurang', 'APPROVED', '2026-06-18 09:44:03'),
	(1013, 29, 251, 2, 'K', NULL, 'Kurang', 'APPROVED', '2026-06-18 09:44:03'),
	(1014, 30, 253, 2, 'B', NULL, 'Baik', 'APPROVED', '2026-06-22 07:48:12'),
	(1015, 30, 253, 3, 'K', NULL, 'Kurang', 'APPROVED', '2026-06-22 08:06:20'),
	(1016, 29, 250, 3, 'K', NULL, 'Kurang', 'APPROVED', '2026-06-22 08:47:26'),
	(1017, 29, 252, 3, 'B', NULL, 'Baik', 'APPROVED', '2026-06-22 08:47:26'),
	(1018, 29, 251, 3, 'K', NULL, 'Kurang', 'APPROVED', '2026-06-22 08:47:26'),
	(1019, 31, 248, 2, 'K', NULL, 'Kurang', 'APPROVED', '2026-06-22 08:47:32'),
	(1020, 31, 249, 2, 'K', NULL, 'Kurang', 'APPROVED', '2026-06-22 08:47:32'),
	(1021, 28, 244, 2, 'B', NULL, 'Baik', 'APPROVED', '2026-06-22 08:47:39'),
	(1022, 30, 253, 4, 'K', NULL, 'Kurang', 'APPROVED', '2026-06-26 04:18:08'),
	(1023, 29, 250, 4, 'B', NULL, 'Baik', 'APPROVED', '2026-06-26 04:18:16'),
	(1024, 29, 252, 4, 'B', NULL, 'Baik', 'APPROVED', '2026-06-26 04:18:16'),
	(1025, 29, 251, 4, 'K', NULL, 'Kurang', 'APPROVED', '2026-06-26 04:18:16'),
	(1026, 31, 248, 3, 'B', NULL, 'Baik', 'APPROVED', '2026-06-26 04:18:26'),
	(1027, 31, 249, 3, 'B', NULL, 'Baik', 'APPROVED', '2026-06-26 04:18:26'),
	(1028, 28, 244, 3, 'B', NULL, 'Baik', 'APPROVED', '2026-06-26 04:18:31'),
	(1029, 30, 253, 5, 'B', NULL, 'Baik', 'APPROVED', '2026-06-26 07:39:07'),
	(1032, 30, 253, 6, 'B', NULL, 'Baik', 'APPROVED', '2026-06-26 07:47:50'),
	(1033, 29, 250, 5, 'B', NULL, 'Baik', 'APPROVED', '2026-06-26 07:47:57'),
	(1034, 29, 252, 5, 'B', NULL, 'Baik', 'APPROVED', '2026-06-26 07:47:57'),
	(1035, 29, 251, 5, 'B', NULL, 'Baik', 'APPROVED', '2026-06-26 07:47:57'),
	(1036, 31, 248, 4, 'B', NULL, 'Baik', 'APPROVED', '2026-06-26 07:48:06'),
	(1037, 31, 249, 4, 'K', NULL, 'Kurang', 'APPROVED', '2026-06-26 07:48:06'),
	(1038, 28, 244, 4, 'B', NULL, 'Baik', 'APPROVED', '2026-06-26 07:48:11'),
	(1039, 29, 250, 6, 'B', NULL, 'Baik', 'APPROVED', '2026-07-02 05:24:45'),
	(1040, 29, 252, 6, 'B', NULL, 'Baik', 'APPROVED', '2026-07-02 05:24:45'),
	(1041, 29, 251, 6, 'B', NULL, 'Baik', 'APPROVED', '2026-07-02 05:24:45'),
	(1042, 31, 248, 5, 'B', NULL, 'Baik', 'APPROVED', '2026-07-02 07:05:53'),
	(1043, 31, 249, 5, 'K', NULL, 'Kurang', 'APPROVED', '2026-07-02 07:05:53'),
	(1044, 28, 244, 5, 'B', NULL, 'Baik', 'APPROVED', '2026-07-02 07:07:30'),
	(1055, 21, 184, 2, 'B', NULL, 'Baik', 'PENDING', '2026-07-02 08:05:09'),
	(1056, 21, 185, 2, 'B', NULL, 'Baik', 'PENDING', '2026-07-02 08:05:09'),
	(1057, 21, 186, 2, 'B', NULL, 'Baik', 'PENDING', '2026-07-02 08:05:09'),
	(1058, 21, 187, 2, 'B', NULL, 'Baik', 'PENDING', '2026-07-02 08:05:09'),
	(1059, 21, 188, 2, 'B', NULL, 'Baik', 'PENDING', '2026-07-02 08:05:09'),
	(1060, 21, 189, 2, 'B', NULL, 'Baik', 'PENDING', '2026-07-02 08:05:09'),
	(1062, 212, 258, 1, 'B', NULL, 'Baik', 'APPROVED', '2026-07-02 08:24:38'),
	(1063, 212, 259, 1, 'B', NULL, 'Baik', 'APPROVED', '2026-07-02 08:24:38'),
	(1064, 212, 263, 1, 'B', NULL, 'Baik', 'APPROVED', '2026-07-02 08:24:38'),
	(1065, 212, 268, 1, 'B', NULL, 'Baik', 'APPROVED', '2026-07-02 08:24:38'),
	(1066, 212, 274, 1, 'B', NULL, 'Baik', 'APPROVED', '2026-07-02 08:24:38'),
	(1067, 213, 277, 1, 'B', NULL, 'Baik', 'APPROVED', '2026-07-02 09:23:36'),
	(1068, 213, 278, 1, 'K', NULL, 'Kurang', 'APPROVED', '2026-07-02 09:23:36'),
	(1072, 214, 279, 1, 'B', NULL, 'Baik', 'APPROVED', '2026-07-06 03:03:41'),
	(1073, 214, 280, 1, 'B', NULL, 'Baik', 'APPROVED', '2026-07-06 03:03:41'),
	(1074, 214, 281, 1, 'B', NULL, 'Baik', 'APPROVED', '2026-07-06 03:03:41'),
	(1075, 214, 282, 1, 'B', NULL, 'Baik', 'APPROVED', '2026-07-06 03:03:41'),
	(1076, 214, 283, 1, 'B', NULL, 'Baik', 'APPROVED', '2026-07-06 03:03:41'),
	(1077, 214, 284, 1, 'B', NULL, 'Baik', 'APPROVED', '2026-07-06 03:03:41'),
	(1078, 214, 279, 2, 'K', NULL, 'Kurang', 'APPROVED', '2026-07-06 04:28:45'),
	(1079, 214, 280, 2, 'B', NULL, 'Baik', 'APPROVED', '2026-07-06 04:28:45'),
	(1080, 214, 281, 2, 'B', NULL, 'Baik', 'APPROVED', '2026-07-06 04:28:45'),
	(1081, 214, 282, 2, 'B', NULL, 'Baik', 'APPROVED', '2026-07-06 04:28:45'),
	(1082, 214, 283, 2, 'B', NULL, 'Baik', 'APPROVED', '2026-07-06 04:28:45'),
	(1083, 214, 284, 2, 'B', NULL, 'Baik', 'APPROVED', '2026-07-06 04:28:45'),
	(1084, 214, 279, 3, 'B', NULL, 'Baik', 'APPROVED', '2026-07-06 05:15:45'),
	(1085, 214, 280, 3, 'B', NULL, 'Baik', 'APPROVED', '2026-07-06 05:15:45'),
	(1086, 214, 281, 3, 'K', NULL, 'Kurang', 'APPROVED', '2026-07-06 05:15:45'),
	(1087, 214, 282, 3, 'B', NULL, 'Baik', 'APPROVED', '2026-07-06 05:15:45'),
	(1088, 214, 283, 3, 'B', NULL, 'Baik', 'APPROVED', '2026-07-06 05:15:45'),
	(1089, 214, 284, 3, 'B', NULL, 'Baik', 'APPROVED', '2026-07-06 05:15:45'),
	(1090, 214, 279, 4, 'B', NULL, 'Baik', 'APPROVED', '2026-07-06 06:16:21'),
	(1091, 214, 280, 4, 'K', NULL, 'Kurang', 'APPROVED', '2026-07-06 06:16:21'),
	(1092, 214, 281, 4, 'B', NULL, 'Baik', 'APPROVED', '2026-07-06 06:16:21'),
	(1093, 214, 282, 4, 'B', NULL, 'Baik', 'APPROVED', '2026-07-06 06:16:21'),
	(1094, 214, 283, 4, 'B', NULL, 'Baik', 'APPROVED', '2026-07-06 06:16:21'),
	(1095, 214, 284, 4, 'B', NULL, 'Baik', 'APPROVED', '2026-07-06 06:16:21'),
	(1096, 214, 279, 5, 'B', NULL, 'Baik', 'APPROVED', '2026-07-06 06:33:33'),
	(1097, 214, 280, 5, 'B', NULL, 'Baik', 'APPROVED', '2026-07-06 06:33:33'),
	(1098, 214, 281, 5, 'B', NULL, 'Baik', 'APPROVED', '2026-07-06 06:33:33'),
	(1099, 214, 282, 5, 'B', NULL, 'Baik', 'APPROVED', '2026-07-06 06:33:33'),
	(1100, 214, 283, 5, 'B', NULL, 'Baik', 'APPROVED', '2026-07-06 06:33:33'),
	(1101, 214, 284, 5, 'K', NULL, 'Kurang', 'APPROVED', '2026-07-06 06:33:33'),
	(1126, 214, 279, 6, 'K', NULL, 'Kurang', 'APPROVED', '2026-07-06 08:01:11'),
	(1127, 214, 280, 6, 'B', NULL, 'Baik', 'APPROVED', '2026-07-06 08:01:11'),
	(1128, 214, 281, 6, 'K', NULL, 'Kurang', 'APPROVED', '2026-07-06 08:01:11'),
	(1129, 214, 282, 6, 'K', NULL, 'Kurang', 'APPROVED', '2026-07-06 08:01:11'),
	(1130, 214, 283, 6, 'B', NULL, 'Baik', 'APPROVED', '2026-07-06 08:01:11'),
	(1131, 214, 284, 6, 'K', NULL, 'Kurang', 'APPROVED', '2026-07-06 08:01:11'),
	(1132, 212, 258, 2, 'K', NULL, 'Kurang', 'APPROVED', '2026-07-06 08:02:49'),
	(1133, 212, 259, 2, 'K', NULL, 'Kurang', 'APPROVED', '2026-07-06 08:02:49'),
	(1134, 212, 263, 2, 'K', NULL, 'Kurang', 'APPROVED', '2026-07-06 08:02:49'),
	(1135, 212, 268, 2, 'B', NULL, 'Baik', 'APPROVED', '2026-07-06 08:02:49'),
	(1136, 212, 274, 2, 'B', NULL, 'Baik', 'APPROVED', '2026-07-06 08:02:49'),
	(1137, 212, 258, 3, 'B', NULL, 'Baik', 'APPROVED', '2026-07-06 08:03:19'),
	(1138, 212, 259, 3, 'B', NULL, 'Baik', 'APPROVED', '2026-07-06 08:03:19'),
	(1139, 212, 263, 3, 'K', NULL, 'Kurang', 'APPROVED', '2026-07-06 08:03:19'),
	(1140, 212, 268, 3, 'K', NULL, 'Kurang', 'APPROVED', '2026-07-06 08:03:19'),
	(1141, 212, 274, 3, 'K', NULL, 'Kurang', 'APPROVED', '2026-07-06 08:03:19'),
	(1142, 212, 258, 4, 'B', NULL, 'Baik', 'APPROVED', '2026-07-06 08:03:45'),
	(1143, 212, 259, 4, 'B', NULL, 'Baik', 'APPROVED', '2026-07-06 08:03:45'),
	(1144, 212, 263, 4, 'K', NULL, 'Kurang', 'APPROVED', '2026-07-06 08:03:45'),
	(1145, 212, 268, 4, 'K', NULL, 'Kurang', 'APPROVED', '2026-07-06 08:03:45'),
	(1146, 212, 274, 4, 'K', NULL, 'Kurang', 'APPROVED', '2026-07-06 08:03:45'),
	(1147, 212, 258, 5, 'K', NULL, 'Kurang', 'APPROVED', '2026-07-06 08:04:21'),
	(1148, 212, 259, 5, 'K', NULL, 'Kurang', 'APPROVED', '2026-07-06 08:04:21'),
	(1149, 212, 263, 5, 'K', NULL, 'Kurang', 'APPROVED', '2026-07-06 08:04:21'),
	(1150, 212, 268, 5, 'B', NULL, 'Baik', 'APPROVED', '2026-07-06 08:04:21'),
	(1151, 212, 274, 5, 'B', NULL, 'Baik', 'APPROVED', '2026-07-06 08:04:21'),
	(1152, 212, 258, 6, 'K', NULL, 'Kurang', 'APPROVED', '2026-07-06 08:04:50'),
	(1153, 212, 259, 6, 'K', NULL, 'Kurang', 'APPROVED', '2026-07-06 08:04:50'),
	(1154, 212, 263, 6, 'K', NULL, 'Kurang', 'APPROVED', '2026-07-06 08:04:50'),
	(1155, 212, 268, 6, 'K', NULL, 'Kurang', 'APPROVED', '2026-07-06 08:04:50'),
	(1156, 212, 274, 6, 'K', NULL, 'Kurang', 'APPROVED', '2026-07-06 08:04:50'),
	(1157, 215, 285, 1, 'K', NULL, 'Kurang', 'APPROVED', '2026-07-07 03:54:23'),
	(1158, 215, 286, 1, 'K', NULL, 'Kurang', 'APPROVED', '2026-07-07 03:54:23'),
	(1159, 215, 287, 1, 'K', NULL, 'Kurang', 'APPROVED', '2026-07-07 03:54:23'),
	(1160, 215, 288, 1, 'B', NULL, 'Baik', 'APPROVED', '2026-07-07 03:54:23'),
	(1161, 215, 289, 1, 'B', NULL, 'Baik', 'APPROVED', '2026-07-07 03:54:23'),
	(1162, 215, 290, 1, 'B', NULL, 'Baik', 'APPROVED', '2026-07-07 03:54:23'),
	(1171, 215, 285, 2, 'K', NULL, 'Kurang', 'APPROVED', '2026-07-07 04:03:22'),
	(1172, 215, 286, 2, 'K', NULL, 'Kurang', 'APPROVED', '2026-07-07 04:03:22'),
	(1173, 215, 287, 2, 'K', NULL, 'Kurang', 'APPROVED', '2026-07-07 04:03:22'),
	(1174, 215, 288, 2, 'B', NULL, 'Baik', 'APPROVED', '2026-07-07 04:03:22'),
	(1175, 215, 289, 2, 'B', NULL, 'Baik', 'APPROVED', '2026-07-07 04:03:22'),
	(1176, 215, 290, 2, 'B', NULL, 'Baik', 'APPROVED', '2026-07-07 04:03:22'),
	(1177, 215, 285, 3, 'K', NULL, 'Kurang', 'APPROVED', '2026-07-07 04:03:59'),
	(1178, 215, 286, 3, 'K', NULL, 'Kurang', 'APPROVED', '2026-07-07 04:03:59'),
	(1179, 215, 287, 3, 'K', NULL, 'Kurang', 'APPROVED', '2026-07-07 04:03:59'),
	(1180, 215, 288, 3, 'B', NULL, 'Baik', 'APPROVED', '2026-07-07 04:03:59'),
	(1181, 215, 289, 3, 'B', NULL, 'Baik', 'APPROVED', '2026-07-07 04:03:59'),
	(1182, 215, 290, 3, 'B', NULL, 'Baik', 'APPROVED', '2026-07-07 04:03:59'),
	(1183, 215, 285, 4, 'K', NULL, 'Kurang', 'APPROVED', '2026-07-07 04:04:30'),
	(1184, 215, 286, 4, 'K', NULL, 'Kurang', 'APPROVED', '2026-07-07 04:04:30'),
	(1185, 215, 287, 4, 'K', NULL, 'Kurang', 'APPROVED', '2026-07-07 04:04:30'),
	(1186, 215, 288, 4, 'B', NULL, 'Baik', 'APPROVED', '2026-07-07 04:04:30'),
	(1187, 215, 289, 4, 'B', NULL, 'Baik', 'APPROVED', '2026-07-07 04:04:30'),
	(1188, 215, 290, 4, 'B', NULL, 'Baik', 'APPROVED', '2026-07-07 04:04:30'),
	(1189, 215, 285, 5, 'K', NULL, 'Kurang', 'APPROVED', '2026-07-07 04:05:03'),
	(1190, 215, 286, 5, 'K', NULL, 'Kurang', 'APPROVED', '2026-07-07 04:05:03'),
	(1191, 215, 287, 5, 'K', NULL, 'Kurang', 'APPROVED', '2026-07-07 04:05:03'),
	(1192, 215, 288, 5, 'B', NULL, 'Baik', 'APPROVED', '2026-07-07 04:05:03'),
	(1193, 215, 289, 5, 'B', NULL, 'Baik', 'APPROVED', '2026-07-07 04:05:03'),
	(1194, 215, 290, 5, 'B', NULL, 'Baik', 'APPROVED', '2026-07-07 04:05:03'),
	(1195, 215, 285, 6, 'K', NULL, 'Kurang', 'APPROVED', '2026-07-07 04:05:29'),
	(1196, 215, 286, 6, 'K', NULL, 'Kurang', 'APPROVED', '2026-07-07 04:05:29'),
	(1197, 215, 287, 6, 'K', NULL, 'Kurang', 'APPROVED', '2026-07-07 04:05:29'),
	(1198, 215, 288, 6, 'K', NULL, 'Kurang', 'APPROVED', '2026-07-07 04:05:29'),
	(1199, 215, 289, 6, 'B', NULL, 'Baik', 'APPROVED', '2026-07-07 04:05:29'),
	(1200, 215, 290, 6, 'B', NULL, 'Baik', 'APPROVED', '2026-07-07 04:05:29'),
	(1201, 216, 291, 1, 'B', NULL, 'Baik', 'APPROVED', '2026-07-07 04:10:43'),
	(1202, 216, 292, 1, 'B', NULL, 'Baik', 'APPROVED', '2026-07-07 04:10:43'),
	(1203, 216, 293, 1, 'B', NULL, 'Baik', 'APPROVED', '2026-07-07 04:10:43'),
	(1204, 216, 294, 1, 'K', NULL, 'Kurang', 'APPROVED', '2026-07-07 04:10:43'),
	(1205, 216, 295, 1, 'K', NULL, 'Kurang', 'APPROVED', '2026-07-07 04:10:43'),
	(1206, 216, 296, 1, 'K', NULL, 'Kurang', 'APPROVED', '2026-07-07 04:10:43'),
	(1207, 216, 291, 2, 'B', NULL, 'Baik', 'APPROVED', '2026-07-07 04:11:08'),
	(1208, 216, 292, 2, 'B', NULL, 'Baik', 'APPROVED', '2026-07-07 04:11:08'),
	(1209, 216, 293, 2, 'B', NULL, 'Baik', 'APPROVED', '2026-07-07 04:11:08'),
	(1210, 216, 294, 2, 'K', NULL, 'Kurang', 'APPROVED', '2026-07-07 04:11:08'),
	(1211, 216, 295, 2, 'K', NULL, 'Kurang', 'APPROVED', '2026-07-07 04:11:08'),
	(1212, 216, 296, 2, 'K', NULL, 'Kurang', 'APPROVED', '2026-07-07 04:11:08'),
	(1213, 216, 291, 3, 'B', NULL, 'Baik', 'APPROVED', '2026-07-07 04:11:30'),
	(1214, 216, 292, 3, 'B', NULL, 'Baik', 'APPROVED', '2026-07-07 04:11:30'),
	(1215, 216, 293, 3, 'B', NULL, 'Baik', 'APPROVED', '2026-07-07 04:11:30'),
	(1216, 216, 294, 3, 'K', NULL, 'Kurang', 'APPROVED', '2026-07-07 04:11:30'),
	(1217, 216, 295, 3, 'K', NULL, 'Kurang', 'APPROVED', '2026-07-07 04:11:30'),
	(1218, 216, 296, 3, 'K', NULL, 'Kurang', 'APPROVED', '2026-07-07 04:11:30'),
	(1219, 216, 291, 4, 'B', NULL, 'Baik', 'APPROVED', '2026-07-07 04:12:02'),
	(1220, 216, 292, 4, 'B', NULL, 'Baik', 'APPROVED', '2026-07-07 04:12:02'),
	(1221, 216, 293, 4, 'B', NULL, 'Baik', 'APPROVED', '2026-07-07 04:12:02'),
	(1222, 216, 294, 4, 'K', NULL, 'Kurang', 'APPROVED', '2026-07-07 04:12:02'),
	(1223, 216, 295, 4, 'K', NULL, 'Kurang', 'APPROVED', '2026-07-07 04:12:02'),
	(1224, 216, 296, 4, 'K', NULL, 'Kurang', 'APPROVED', '2026-07-07 04:12:02'),
	(1225, 216, 291, 5, 'B', NULL, 'Baik', 'APPROVED', '2026-07-07 04:12:30'),
	(1226, 216, 292, 5, 'B', NULL, 'Baik', 'APPROVED', '2026-07-07 04:12:30'),
	(1227, 216, 293, 5, 'B', NULL, 'Baik', 'APPROVED', '2026-07-07 04:12:30'),
	(1228, 216, 294, 5, 'K', NULL, 'Kurang', 'APPROVED', '2026-07-07 04:12:30'),
	(1229, 216, 295, 5, 'K', NULL, 'Kurang', 'APPROVED', '2026-07-07 04:12:30'),
	(1230, 216, 296, 5, 'K', NULL, 'Kurang', 'APPROVED', '2026-07-07 04:12:30'),
	(1231, 216, 291, 6, 'B', NULL, 'Baik', 'APPROVED', '2026-07-07 04:13:09'),
	(1232, 216, 292, 6, 'B', NULL, 'Baik', 'APPROVED', '2026-07-07 04:13:09'),
	(1233, 216, 293, 6, 'K', NULL, 'Kurang', 'APPROVED', '2026-07-07 04:13:09'),
	(1234, 216, 294, 6, 'K', NULL, 'Kurang', 'APPROVED', '2026-07-07 04:13:09'),
	(1235, 216, 295, 6, 'K', NULL, 'Kurang', 'APPROVED', '2026-07-07 04:13:09'),
	(1236, 216, 296, 6, 'K', NULL, 'Kurang', 'APPROVED', '2026-07-07 04:13:09'),
	(1237, 213, 277, 2, 'K', NULL, 'Kurang', 'PENDING', '2026-07-08 06:43:24'),
	(1238, 213, 278, 2, 'B', NULL, 'Baik', 'PENDING', '2026-07-08 06:43:24'),
	(1240, 218, 265, 1, 'B', 'asdg', 'Baik', 'REJECTED', '2026-07-08 07:29:04'),
	(1241, 218, 273, 1, 'K', 'asdg', 'Kurang', 'REJECTED', '2026-07-08 07:29:04'),
	(1244, 31, 248, 6, 'K', NULL, 'Kurang', 'PENDING', '2026-07-08 07:47:54'),
	(1245, 31, 249, 6, 'B', NULL, 'Baik', 'PENDING', '2026-07-08 07:47:54');

-- Dumping data for table ppns_lab_inspection.inspection_subitems: ~66 rows (approximately)
INSERT INTO `inspection_subitems` (`id`, `category_id`, `nama_subitem`, `deskripsi`, `urutan`, `status`, `alasan_penolakan`, `created_by`, `created_at`, `updated_at`) VALUES
	(184, 70, 'omke gas', NULL, 1, 'APPROVED', NULL, 3, '2026-06-12 03:35:10', '2026-06-12 03:35:23'),
	(185, 70, 'omke gas', NULL, 2, 'APPROVED', NULL, 3, '2026-06-12 03:35:10', '2026-06-12 03:35:24'),
	(186, 70, 'omke gas', NULL, 3, 'APPROVED', NULL, 3, '2026-06-12 03:35:10', '2026-06-12 03:35:25'),
	(187, 70, 'omke gas', NULL, 4, 'APPROVED', NULL, 3, '2026-06-12 03:35:10', '2026-06-12 03:35:29'),
	(188, 70, 'omke gas', NULL, 5, 'APPROVED', NULL, 3, '2026-06-12 03:35:10', '2026-06-12 03:35:31'),
	(189, 70, 'omke gas', NULL, 6, 'APPROVED', NULL, 3, '2026-06-12 03:35:10', '2026-06-12 03:35:33'),
	(193, 72, 'contoh1', NULL, 1, 'APPROVED', NULL, 3, '2026-06-13 13:08:53', '2026-06-13 13:18:52'),
	(194, 72, 'contoh2', NULL, 2, 'APPROVED', NULL, 3, '2026-06-13 13:08:53', '2026-06-13 13:18:53'),
	(195, 72, 'contoh3', NULL, 3, 'APPROVED', NULL, 3, '2026-06-13 13:08:53', '2026-06-13 13:18:54'),
	(196, 73, 'contoh1', NULL, 1, 'APPROVED', NULL, 3, '2026-06-13 13:08:53', '2026-06-13 13:18:55'),
	(197, 73, 'contoh2', NULL, 2, 'APPROVED', NULL, 3, '2026-06-13 13:08:53', '2026-06-13 13:18:56'),
	(198, 73, 'contoh3', NULL, 3, 'APPROVED', NULL, 3, '2026-06-13 13:08:53', '2026-06-13 13:18:56'),
	(199, 74, 'caqfwes', NULL, 1, 'APPROVED', NULL, 11, '2026-06-13 16:05:13', '2026-06-13 16:13:22'),
	(200, 74, 'ccwasqs', NULL, 2, 'APPROVED', NULL, 11, '2026-06-13 16:05:13', '2026-06-13 16:13:22'),
	(201, 74, 'cwwcs', NULL, 3, 'APPROVED', NULL, 11, '2026-06-13 16:05:13', '2026-06-13 16:13:22'),
	(202, 75, 'wascfd', NULL, 1, 'APPROVED', NULL, 11, '2026-06-13 16:05:13', '2026-06-13 16:13:23'),
	(203, 75, 'qwfcas', NULL, 2, 'APPROVED', NULL, 11, '2026-06-13 16:05:13', '2026-06-13 16:13:23'),
	(204, 75, 'wcfqas', NULL, 3, 'APPROVED', NULL, 11, '2026-06-13 16:05:13', '2026-06-13 16:13:23'),
	(205, 76, 'SUB-1-1', NULL, 1, 'APPROVED', NULL, 3, '2026-06-15 04:08:37', '2026-06-15 06:24:32'),
	(206, 76, 'SUB-1-2', NULL, 2, 'APPROVED', NULL, 3, '2026-06-15 04:08:37', '2026-06-15 06:24:34'),
	(207, 76, 'SUB-1-3', NULL, 3, 'APPROVED', NULL, 3, '2026-06-15 04:08:37', '2026-06-15 06:24:31'),
	(208, 77, 'SUB-2-1', NULL, 1, 'APPROVED', NULL, 3, '2026-06-15 04:08:37', '2026-06-15 04:16:00'),
	(209, 77, 'SUB-2-2', NULL, 2, 'APPROVED', NULL, 3, '2026-06-15 04:08:37', '2026-06-15 04:16:00'),
	(210, 78, 'CWQAF', NULL, 1, 'APPROVED', NULL, 11, '2026-06-15 04:37:02', '2026-06-15 04:37:21'),
	(211, 78, 'WWACFQ', NULL, 2, 'APPROVED', NULL, 11, '2026-06-15 04:37:02', '2026-06-15 04:37:21'),
	(212, 78, 'WFQACS', NULL, 3, 'APPROVED', NULL, 11, '2026-06-15 04:37:02', '2026-06-15 04:37:21'),
	(213, 79, 'awsfcqacqf', NULL, 1, 'APPROVED', NULL, 11, '2026-06-15 04:37:02', '2026-06-15 06:46:43'),
	(214, 79, 'awcfsqafq', NULL, 2, 'APPROVED', NULL, 11, '2026-06-15 04:37:02', '2026-06-15 06:46:43'),
	(215, 79, 'acswqdq', NULL, 3, 'APPROVED', NULL, 11, '2026-06-15 04:37:02', '2026-06-15 06:46:43'),
	(216, 80, 'EEEEEEEE', NULL, 1, 'APPROVED', NULL, 3, '2026-06-15 06:22:04', '2026-06-15 06:24:26'),
	(217, 80, 'EEEEEEEE', NULL, 2, 'APPROVED', NULL, 3, '2026-06-15 06:22:04', '2026-06-15 06:24:27'),
	(218, 80, 'EEEEEEEE', NULL, 3, 'APPROVED', NULL, 3, '2026-06-15 06:22:04', '2026-06-15 06:24:29'),
	(244, 92, 's', NULL, 1, 'PENDING', NULL, 11, '2026-06-18 05:45:46', '2026-06-18 05:45:46'),
	(248, 96, 'sd2', NULL, 1, 'PENDING', NULL, 11, '2026-06-18 05:48:39', '2026-06-18 05:48:39'),
	(249, 97, 'sd4', NULL, 1, 'PENDING', NULL, 11, '2026-06-18 05:48:39', '2026-06-18 05:48:39'),
	(250, 98, 'sx2', NULL, 1, 'PENDING', NULL, 11, '2026-06-18 05:58:31', '2026-06-18 05:58:31'),
	(251, 99, 'sx4', NULL, 1, 'PENDING', NULL, 11, '2026-06-18 05:58:31', '2026-06-18 05:58:31'),
	(252, 100, 'sz', NULL, 1, 'PENDING', NULL, 11, '2026-06-18 06:09:05', '2026-06-18 06:09:05'),
	(253, 101, 'sv', NULL, 1, 'PENDING', NULL, 11, '2026-06-18 06:10:27', '2026-06-18 06:10:27'),
	(258, 106, 'sed123', NULL, 1, 'PENDING', NULL, 11, '2026-06-27 04:12:32', '2026-06-27 04:12:32'),
	(259, 107, 'saw', NULL, 1, 'PENDING', NULL, 3, '2026-06-27 04:28:39', '2026-06-27 04:28:39'),
	(263, 111, 'asdf', NULL, 1, 'PENDING', NULL, 3, '2026-06-27 04:33:09', '2026-06-27 04:33:09'),
	(265, 113, 'asdfg', NULL, 1, 'PENDING', NULL, 11, '2026-06-27 04:40:31', '2026-06-27 04:40:31'),
	(268, 116, 'awe', NULL, 1, 'PENDING', NULL, 3, '2026-06-27 04:48:19', '2026-06-27 04:48:19'),
	(273, 121, 'ased', NULL, 1, 'PENDING', NULL, 11, '2026-07-02 03:15:36', '2026-07-02 03:15:36'),
	(274, 122, 'asxasx', NULL, 1, 'PENDING', NULL, 11, '2026-07-02 03:16:45', '2026-07-02 03:16:45'),
	(277, 125, 'ssddeeww', NULL, 1, 'PENDING', NULL, 24, '2026-07-02 08:11:24', '2026-07-02 08:11:24'),
	(278, 126, 'aassddff', NULL, 1, 'PENDING', NULL, 24, '2026-07-02 08:12:24', '2026-07-02 08:12:24'),
	(279, 127, 'Alatmakankaya1-1', NULL, 1, 'PENDING', NULL, 11, '2026-07-06 03:02:20', '2026-07-06 03:02:20'),
	(280, 127, 'Alatmakankaya1-2', NULL, 2, 'PENDING', NULL, 11, '2026-07-06 03:02:20', '2026-07-06 03:02:20'),
	(281, 127, 'Alatmakankaya1-3', NULL, 3, 'PENDING', NULL, 11, '2026-07-06 03:02:20', '2026-07-06 03:02:20'),
	(282, 128, 'Alatmakankaya2-1', NULL, 1, 'PENDING', NULL, 11, '2026-07-06 03:02:20', '2026-07-06 03:02:20'),
	(283, 128, 'Alatmakankaya2-2', NULL, 2, 'PENDING', NULL, 11, '2026-07-06 03:02:20', '2026-07-06 03:02:20'),
	(284, 128, 'Alatmakankaya2-3', NULL, 3, 'PENDING', NULL, 11, '2026-07-06 03:02:20', '2026-07-06 03:02:20'),
	(285, 129, 'alatMinum1-1', NULL, 1, 'PENDING', NULL, 11, '2026-07-07 03:06:18', '2026-07-07 03:06:18'),
	(286, 129, 'alatMinum1-2', NULL, 2, 'PENDING', NULL, 11, '2026-07-07 03:06:18', '2026-07-07 03:06:18'),
	(287, 129, 'alatMinum1-3', NULL, 3, 'PENDING', NULL, 11, '2026-07-07 03:06:18', '2026-07-07 03:06:18'),
	(288, 130, 'alatMinum2-1', NULL, 1, 'PENDING', NULL, 11, '2026-07-07 03:06:18', '2026-07-07 03:06:18'),
	(289, 130, 'alatMinum2-2', NULL, 2, 'PENDING', NULL, 11, '2026-07-07 03:06:18', '2026-07-07 03:06:18'),
	(290, 130, 'alatMinum2-3', NULL, 3, 'PENDING', NULL, 11, '2026-07-07 03:06:18', '2026-07-07 03:06:18'),
	(291, 131, 'AlatOlahraga1-1', NULL, 1, 'PENDING', NULL, 11, '2026-07-07 04:08:50', '2026-07-07 04:08:50'),
	(292, 131, 'AlatOlahraga1-2', NULL, 2, 'PENDING', NULL, 11, '2026-07-07 04:08:50', '2026-07-07 04:08:50'),
	(293, 131, 'AlatOlahraga1-3', NULL, 3, 'PENDING', NULL, 11, '2026-07-07 04:08:50', '2026-07-07 04:08:50'),
	(294, 132, 'AlatOlahraga2-1', NULL, 1, 'PENDING', NULL, 11, '2026-07-07 04:08:50', '2026-07-07 04:08:50'),
	(295, 132, 'AlatOlahraga2-2', NULL, 2, 'PENDING', NULL, 11, '2026-07-07 04:08:50', '2026-07-07 04:08:50'),
	(296, 132, 'AlatOlahraga2-3', NULL, 3, 'PENDING', NULL, 11, '2026-07-07 04:08:50', '2026-07-07 04:08:50');

-- Dumping data for table ppns_lab_inspection.items: ~17 rows (approximately)
INSERT INTO `items` (`id`, `nama_barang`, `kode_barang`, `pembuat_alat`, `tanggal_pembelian`, `created_at`, `updated_at`, `tanggal_kalibrasi_terakhir`, `tanggal_kalibrasi_berikutnya`) VALUES
	(21, 'GAS', 'FIS-008', 'omke gas', '2026-07-10', '2026-06-12 03:34:21', '2026-06-12 03:34:21', NULL, NULL),
	(29, 'wD', 'CQWFas', 'qawcfS', '2026-06-13', '2026-06-13 12:49:37', '2026-06-13 12:49:37', NULL, NULL),
	(30, 'WQCSD', 'WACSQ', 'WSCFQA', '2026-06-12', '2026-06-13 12:49:51', '2026-07-01 07:31:48', '2026-07-01', '2026-08-08'),
	(31, 'ITEM1', 'FIS-00291', 'ADRIAN', '2026-06-15', '2026-06-15 04:07:12', '2026-06-15 04:07:12', NULL, NULL),
	(37, 'Test Alat Baru', 'TST-999', 'Test', '2024-06-01', '2026-06-15 04:32:09', '2026-06-15 04:32:09', NULL, NULL),
	(38, 'alatke', 'kel-098', 'kamu', '2026-06-15', '2026-06-15 04:33:36', '2026-06-15 04:33:36', NULL, NULL),
	(41, 'kamubaik', 'kamubaaik-9877', 'kamutaik', '2026-07-01', '2026-06-15 04:36:38', '2026-07-01 07:18:33', '2026-07-01', '2026-08-08'),
	(62, 's', 's34', 's', '2026-06-18', '2026-06-18 05:45:41', '2026-06-18 05:45:41', NULL, NULL),
	(64, 'sd1', 'sd2', 'sd', '2026-06-18', '2026-06-18 05:48:27', '2026-06-18 05:48:27', NULL, NULL),
	(65, 'sx', 'sx2', 'sx', '2026-06-18', '2026-06-18 05:58:15', '2026-06-18 05:58:15', NULL, NULL),
	(66, 'sv', 'svs', 'sv', '2026-06-18', '2026-06-18 06:10:20', '2026-06-18 06:10:20', NULL, NULL),
	(69, 'sed', 'sed123', 'sed', '2026-06-27', '2026-06-27 04:12:21', '2026-06-27 04:12:21', NULL, NULL),
	(71, 'asdf', 'asdf123', 'asdf', '2026-06-27', '2026-06-27 04:40:23', '2026-06-27 04:40:23', NULL, NULL),
	(81, 'wweeddss', 'wweeddss', 'wweeddss', '2026-07-02', '2026-07-02 08:11:15', '2026-07-02 08:11:15', '2026-07-02', '2026-07-02'),
	(82, 'Alat-makan-kaya', 'Alat-makan-kaya-30982', 'andrian', '2026-06-28', '2026-07-06 02:52:07', '2026-07-06 02:52:07', '2026-07-06', '2026-09-05'),
	(83, 'alatMinum', 'alatMinum123', 'andrian', '2026-07-07', '2026-07-07 03:04:51', '2026-07-07 03:04:51', '2026-07-07', '2026-08-31'),
	(84, 'AlatOlahraga', 'AlatOlahraga112233', 'bima', '2026-06-07', '2026-07-07 04:08:00', '2026-07-07 04:08:00', '2026-07-07', '2026-08-07');

-- Dumping data for table ppns_lab_inspection.laboratories: ~4 rows (approximately)
INSERT INTO `laboratories` (`id`, `nama_lab`, `lokasi`, `kalab_id`, `plp_id`, `teknisi_id`, `item_ids`, `report_file`, `created_at`, `updated_at`) VALUES
	(10, 'PENGOLAHAN MAKAN', 'Gedung A lantai 3', 11, 24, 23, '30,41,84', '/uploads/1782791251627.pdf', '2026-06-10 06:07:25', '2026-07-07 04:08:00'),
	(11, 'LAB IPA', 'GEDUNG A LANTAI 9', 15, 24, 28, '21,29,81', '', '2026-06-12 03:33:55', '2026-07-08 08:29:40'),
	(12, 'COBA', 'COBA', 11, 23, 28, '31,69,82,83', '/uploads/1782790989479.pdf', '2026-06-15 04:06:35', '2026-07-07 03:04:51'),
	(13, 'LAB 1', 'LANTAI 3', 11, NULL, NULL, '62,64,65,66,71', '/uploads/1782466996142.pdf', '2026-06-15 07:49:03', '2026-06-27 04:40:23');

-- Dumping data for table ppns_lab_inspection.schedules: ~0 rows (approximately)

-- Dumping data for table ppns_lab_inspection.users: ~10 rows (approximately)
INSERT INTO `users` (`id`, `name`, `nip`, `email`, `password`, `role`, `created_at`, `updated_at`) VALUES
	(1, 'Admin PPNS', '', 'admin@ppns.ac.id', '$2a$10$N9qo8uLOickgx2ZMRZoMyeIjZAgcg7b3XeKeUxWdeS86E36CHqg9C', 'admin', '2026-06-03 04:22:18', '2026-06-03 04:22:18'),
	(3, 'Admin Ganteng', '0000000022', 'admin3@ppns.ac.id', '$2a$10$PxfyJNeYy3TA6IRaEWWfluf9N6r2f8VrJC4RpepXt/2pxHyiKdM4a', 'admin', '2026-06-03 04:22:28', '2026-06-26 06:27:00'),
	(11, 'Vivin Setiani, S.T., M.Eng', '198909162015042020', 'kalab3@ppns.ac.id', '$2a$10$11BPO6ufPK8dqkJRu71w8O.SRwoqPOt8IwG7VKZJgN4q8d7Xi2I/2', 'kalab', '2026-06-04 06:28:02', '2026-06-26 03:40:19'),
	(15, 'Medi', '123456789', 'Medi@ppns.ac.id', '$2a$10$pTCx2QH/CgpDJICVA8asqurY4Jm2g.6L8AhA7GwxptyXez0bHVAAC', 'kalab', '2026-06-17 08:03:30', '2026-06-17 08:03:30'),
	(16, 'sa', '112345788', 'sa123@gmail.com', '$2a$10$R5zrPcwBe31ABnTrTomOKemeXV4o/wqVgIJqEyyFpayPdtGMPrNYS', 'kalab', '2026-06-22 06:26:53', '2026-06-22 06:26:53'),
	(23, 'PLP 1', '123456', 'plp1@gmail.com', '$2a$10$09ZzOvEBmPnvBj8XhDaDU.VlPUUJqMZD.TWDAdZpryEgWA.KTXYFi', 'plp', '2026-06-22 07:23:07', '2026-06-22 07:23:07'),
	(24, 'PLP 2', '123456', 'plp2@gmail.com', '$2a$10$B8ZLZpj/CLKbSdWB59JlvuR4xrXm5aZG.QRNtYPaqzZbrxG9leazO', 'plp', '2026-06-22 07:23:33', '2026-07-01 03:32:12'),
	(25, 'saep', '1122334455', 'saep123@gmail.com', '$2a$10$zTremhOnh0L0lS/92ahZte66uIIfYTQudypUK5rYaYiG4SmgueIDq', 'plp', '2026-06-22 07:24:08', '2026-06-22 07:24:08'),
	(27, 'smean', '11223344', 'samean@ppns.ac.id', '$2a$10$EYqx3Yz4D/rBAkz1UXcheuXRNHcZNnU5pPDpjtrBAFFaWR0ylq1Ge', 'admin', '2026-06-26 03:21:51', '2026-06-26 03:21:51'),
	(28, 'teknisiiii', '11223344', 'teknisi1@gmail.com', '$2a$10$Ji8hwKWb2Q6yB6FCzb0TvedFaIFcfzq3Zt8hXvvSBbMK.HZBwZ4ii', 'teknisi', '2026-07-01 02:48:43', '2026-07-01 05:01:19');

/*!40103 SET TIME_ZONE=IFNULL(@OLD_TIME_ZONE, 'system') */;
/*!40101 SET SQL_MODE=IFNULL(@OLD_SQL_MODE, '') */;
/*!40014 SET FOREIGN_KEY_CHECKS=IFNULL(@OLD_FOREIGN_KEY_CHECKS, 1) */;
/*!40101 SET CHARACTER_SET_CLIENT=@OLD_CHARACTER_SET_CLIENT */;
/*!40111 SET SQL_NOTES=IFNULL(@OLD_SQL_NOTES, 1) */;
